video_id,comment_id,author,author_profile_image_url,author_channel_url,author_channel_id,comment,published_at,updated_at,like_count,viewer_rating,can_rate,is_reply,parent_id,channel_id
CI4KEiNlX0w,UgykOdGN4YRLifgPeZV4AaABAg,@Hais_sigma6365,https://yt3.ggpht.com/72sUSsVTdKwLFBosAfOArqtSJWqdRqj6Zu-kHBIuJXb36IrkN17CeuXItzOYyffkwCXlaT_GTg=s48-c-k-c0x00ffffff-no-rj,http://www.youtube.com/@Hais_sigma6365,UCSX-3Bg2Qted9WI4A6hQx6A,Existe no Minecraft √°gua podre por que n√£o lan√ßou o balde de √°gua podre,2024-09-22T19:17:30Z,2024-09-22T19:17:30Z,0,none,True,False,,UCEfGV5hx2VrXl4jOUnG0MRQ
CI4KEiNlX0w,UgzU8xqtQAOvDAHLnk14AaABAg,@brunapereira1036,https://yt3.ggpht.com/ytc/AIdro_koSC8BzbswomPoTPhEFXn3Qv0_mSAx_MNKBTRSIC0uCGg=s48-c-k-c0x00ffffff-no-rj,http://www.youtube.com/@brunapereira1036,UC5ZEuU2qeDmSUv6br3Xo8JQ,‚ù§Precisa  ‚ù§mesmo  ‚ù§dessas ‚ù§ ‚ù§coisas ‚ù§,2023-09-05T00:40:49Z,2023-09-05T00:40:49Z,0,none,True,False,,UCEfGV5hx2VrXl4jOUnG0MRQ
CI4KEiNlX0w,Ugy0bXI-gSSCChoSh6J4AaABAg,@luizamariasantos4893,https://yt3.ggpht.com/ytc/AIdro_md5VUxzH5yjyJv_IEGemehUPXnmQvty_gdK0OWc6XAOS-XVJ0B1M0OaXt1Bsp6kPB0PA=s48-c-k-c0x00ffffff-no-rj,http://www.youtube.com/@luizamariasantos4893,UCWoGu5BY9cCQ87GfSBEmZ4g,√Ü,2023-03-23T23:04:48Z,2023-03-23T23:04:48Z,0,none,True,False,,UCEfGV5hx2VrXl4jOUnG0MRQ
CI4KEiNlX0w,UgzYMm_oMpW_-82erch4AaABAg,@Gojo09019,https://yt3.ggpht.com/kgGsG3iwxdK5KBvdSFkeVYz-i2Nc0rYbokTi_0Vz4SblY3jpnsslUPgUI43HpXRzA5wTX3Ls=s48-c-k-c0x00ffffff-no-rj,http://www.youtube.com/@Gojo09019,UCZfEO3NlgwYw-xtZxUpbfrg,Armadura para cachorro,2023-02-14T03:33:28Z,2023-02-14T03:33:28Z,0,none,True,False,,UCEfGV5hx2VrXl4jOUnG0MRQ
CI4KEiNlX0w,UgywrafhTmAWNDke7Ih4AaABAg,@marcelasouza6283,https://yt3.ggpht.com/ytc/AIdro_lQa3YXVYRKMgFKOcOBaaDRh1f20qihdWz8PjmUttg=s48-c-k-c0x00ffffff-no-rj,http://www.youtube.com/@marcelasouza6283,UCyAklCDn9WPMfMdPqSFoCtw,@Guilhermesouzapirespereira,2022-12-28T21:18:56Z,2022-12-28T21:18:56Z,0,none,True,False,,UCEfGV5hx2VrXl4jOUnG0MRQ
CI4KEiNlX0w,UgznLBf99UWJwBY7Hal4AaABAg,@raylaneledu944,https://yt3.ggpht.com/ytc/AIdro_mVEnLrt5_V4pB4F0OR8iyz_gompdDTdbFne75IYMh1ANdy=s48-c-k-c0x00ffffff-no-rj,http://www.youtube.com/@raylaneledu944,UCFAMZfGxV3cBTp35l95vMgw,O geleia eu porso patirsipa da creative squab 3  pufavo,2022-12-27T17:49:16Z,2022-12-27T17:49:16Z,1,none,True,False,,UCEfGV5hx2VrXl4jOUnG0MRQ
CI4KEiNlX0w,Ugxsump3okSC06BzN694AaABAg,@ally78092,https://yt3.ggpht.com/MuhPweMS2b-1oNsfJJGDUlkLhlBXUOIvs2KVLzjMvmofcmCmayPLNGPczxJhhAQosT4Bpd8N=s48-c-k-c0x00ffffff-no-rj,http://www.youtube.com/@ally78092,UCyWMnSCeQCKmz-iP16CJOgg,"Onibus num jogo medieval.
Inscritos do geleia:






Comprensivel tenha um otimo dia üëç",2022-12-14T00:55:52Z,2022-12-14T00:55:52Z,0,none,True,False,,UCEfGV5hx2VrXl4jOUnG0MRQ
CI4KEiNlX0w,Ugy0IYxX3FOMfkzf8i94AaABAg,@guilhermecesar3928,https://yt3.ggpht.com/Tte6wO_RrmHg6cwgSW80MCdQn5Wi_U4vg-QYcM8ffEf7XuJ2IV19ZPWHy2QCJFgsob3Leo0K6nk=s48-c-k-c0x00ffffff-no-rj,http://www.youtube.com/@guilhermecesar3928,UCnKYRsF5Pp8O0zs6Mi9nj9A,ü§£üï∑,2022-11-28T15:24:18Z,2022-11-28T15:24:18Z,0,none,True,False,,UCEfGV5hx2VrXl4jOUnG0MRQ
CI4KEiNlX0w,UgxVdpQdHixofjl_dGB4AaABAg,@mamonete0_0,https://yt3.ggpht.com/NSMt2NrebpvVnOsQ7pPvYrGHfoUTjZZH2pTpaJ-3mvTfQL7NUQw-Fz881gXwGI4zYK3BmEZwmA=s48-c-k-c0x00ffffff-no-rj,http://www.youtube.com/@mamonete0_0,UC3Xm3mA7mthiG6b5t4KsWww,Vote Geleia para presidente do Minecraft,2022-11-04T16:10:32Z,2022-11-04T16:10:32Z,0,none,True,False,,UCEfGV5hx2VrXl4jOUnG0MRQ
CI4KEiNlX0w,UgxPnrOkR7Sh1cqElTd4AaABAg,@jpgamer381,https://yt3.ggpht.com/IV1ho4LV77X7hDsLpwZzqvyYWF1kYJ8HV_a_X2guQThL0F0XFv44f9iPHUQTUh3ePWrvBm-EvqY=s48-c-k-c0x00ffffff-no-rj,http://www.youtube.com/@jpgamer381,UCkQ6awVz9NqfaLUzgI6tbgQ,"Uma coisa que eu gostaria √© poder se multiplicar, pra caso que tem v√°rios esqueletos e zumbis, pra eu poder me multiplicar e enganar os monstros e fugir.",2022-11-02T18:14:40Z,2022-11-02T18:14:40Z,1,none,True,False,,UCEfGV5hx2VrXl4jOUnG0MRQ
CI4KEiNlX0w,UgxtdBV8K_JstntQfYd4AaABAg,@DOLLINOGAMEPLAYS,https://yt3.ggpht.com/-7OEwry6CTtSkd18H3ZTeev6P9qqW82YrdcsWSpye2ej340nWU0jot7QS4rCtge0lMxP70MddA=s48-c-k-c0x00ffffff-no-rj,http://www.youtube.com/@DOLLINOGAMEPLAYS,UC4h8OjMTwUs6P2s2W5KLXdA,Geleia vc namora? e vdd os natu falou,2022-11-02T00:05:33Z,2022-11-02T00:05:33Z,0,none,True,False,,UCEfGV5hx2VrXl4jOUnG0MRQ
CI4KEiNlX0w,UgxdtqdGXl_dcDyxMmB4AaABAg,@HeyAnaClaraGamer10,https://yt3.ggpht.com/F8DtA_JaI9dzNS6yCZQJN40bW13CXXi8g5zKfIjp05L9OoevAMrO7jm9T4OZheunHhaf3nPGbA=s48-c-k-c0x00ffffff-no-rj,http://www.youtube.com/@HeyAnaClaraGamer10,UCjKDlWvCT2XhK0UbHLBga6A,Sim devia ter √¥nibus no minecraft,2022-10-31T01:27:52Z,2022-10-31T01:27:52Z,0,none,True,False,,UCEfGV5hx2VrXl4jOUnG0MRQ
CI4KEiNlX0w,Ugw9iVspkYi6QrQS8rp4AaABAg,@NickPvZ2,https://yt3.ggpht.com/vXeUkFF-RiaPIZ-sGVF9QhFfu4Hl7n7nO3XNagTzjk0cUxEbR5llvgZGGjXf5dkGHtMBTb87=s48-c-k-c0x00ffffff-no-rj,http://www.youtube.com/@NickPvZ2,UCST1AjFjeIRD_Bq3uFH1gqg,mas geleia ia ter q ter dinheiro pra pagar o onibus,2022-10-28T20:41:38Z,2022-10-28T20:41:38Z,0,none,True,False,,UCEfGV5hx2VrXl4jOUnG0MRQ
CI4KEiNlX0w,Ugzm_YbVA9AmaRDm2j14AaABAg,@aldemirvieira6875,https://yt3.ggpht.com/ytc/AIdro_lO1bg78qyz0HR_ZIH8s5qeSfzYr9fVSd1DukOaqgMnQ42rwYpPYWufcdbL9Z9Zby0O7g=s48-c-k-c0x00ffffff-no-rj,http://www.youtube.com/@aldemirvieira6875,UCi5648Hb5aH_4H0n5qSWuMg,Geleia eu sou o seu maio fam,2022-10-25T13:18:17Z,2022-10-25T13:18:17Z,0,none,True,False,,UCEfGV5hx2VrXl4jOUnG0MRQ
CI4KEiNlX0w,Ugzy_65FrXkBAMRHHit4AaABAg,@comentando5742,https://yt3.ggpht.com/ixWhWS6X33RyMjhXr_Krp2J8QlyliAJSCYRj-Fo_uyRMTIrCsKsA0NVtPC2C20E8FI7SwuTF=s48-c-k-c0x00ffffff-no-rj,http://www.youtube.com/@comentando5742,UCsZmarrnfCvmStPsvj_iwag,Quem combina comigo que o geleia √© muito chato,2022-10-23T17:18:33Z,2022-10-23T17:18:33Z,0,none,True,False,,UCEfGV5hx2VrXl4jOUnG0MRQ
CI4KEiNlX0w,UgwqOqgS-nut774Z5fR4AaABAg,@evertonmagalhaes2515,https://yt3.ggpht.com/ytc/AIdro_ne78LD4ZaMB5-YjK5sQBFGrfe3uCQQmNh1XkOZVRMyrTUW=s48-c-k-c0x00ffffff-no-rj,http://www.youtube.com/@evertonmagalhaes2515,UCDo4tR-pYYtkaAyzsrgGImA,Geleia porque vc parou de gravar v√≠deos?,2022-10-22T14:58:22Z,2022-10-22T14:58:22Z,0,none,True,False,,UCEfGV5hx2VrXl4jOUnG0MRQ
CI4KEiNlX0w,UgwsuMjD1KysVyR-9nN4AaABAg,@maudelineandre7781,https://yt3.ggpht.com/ytc/AIdro_kAvXwKhF9W-758960a9XjLrXxvSdrZkX4XZl0vZ0CotMcCwuJe0HKveyMX8NMWQ9UFfw=s48-c-k-c0x00ffffff-no-rj,http://www.youtube.com/@maudelineandre7781,UCxiSZEyGdzsp70xNJ_cXrkw,Quem √© a mulher numa floresta,2022-10-04T23:10:38Z,2022-10-04T23:10:38Z,0,none,True,False,,UCEfGV5hx2VrXl4jOUnG0MRQ
CI4KEiNlX0w,UgwjFgTmhz42jkxl70F4AaABAg,@allanmachadoml,https://yt3.ggpht.com/m6USe7-abBg8wil4Jd_nrsgsiiyBDxK-RAyk2VIAQDz7j373gTTdxuXnjmMnCmC1XnpIkalELqg=s48-c-k-c0x00ffffff-no-rj,http://www.youtube.com/@allanmachadoml,UCaxeXOlg33q64t7_x_aufLg,"Inseticida, aranha n√£o √© inseto.",2022-10-03T00:17:24Z,2022-10-03T00:17:24Z,0,none,True,False,,UCEfGV5hx2VrXl4jOUnG0MRQ
CI4KEiNlX0w,UgxtqvrY2nbNQCcJTO14AaABAg,@FelipeDias-vz4ij,https://yt3.ggpht.com/PFJxFXaKJ-X7noA4j9TkLsnxP82j1vqs8GfoPtmX0H0TiNDEZc1SqeK7HbB14s66d-OpoQsI1g=s48-c-k-c0x00ffffff-no-rj,http://www.youtube.com/@FelipeDias-vz4ij,UCg4ad4f2rTAx3tA8vYAf7VA,Geleia te amo muito minha vida,2022-09-19T22:46:05Z,2022-09-19T22:46:05Z,0,none,True,False,,UCEfGV5hx2VrXl4jOUnG0MRQ
CI4KEiNlX0w,Ugxvj9NWJUX3DTD4ybR4AaABAg,@kalunga30,https://yt3.ggpht.com/ytc/AIdro_l5tLT94Bqchg143nOtyArRb1aXN5hLScYtQrf5R3tvFrE=s48-c-k-c0x00ffffff-no-rj,http://www.youtube.com/@kalunga30,UCY64sBH9heBtXRxTnIbYoBw,a,2022-09-16T02:43:07Z,2022-09-16T02:43:07Z,0,none,True,False,,UCEfGV5hx2VrXl4jOUnG0MRQ
CI4KEiNlX0w,UgxuiMUOULwO5hCfchJ4AaABAg,@saminho8313,https://yt3.ggpht.com/GIZ3DWG1O2Mk-zrnJ6YPP9P0NKU6u27fwzFSQnNyCKkT4cUrh3t-9z19MX9zzN6ue3xLRSDD=s48-c-k-c0x00ffffff-no-rj,http://www.youtube.com/@saminho8313,UC6JwDBpQNLGolmEpbQojC4g,Kkkk tu e muito Bommm,2022-09-13T20:36:22Z,2022-09-13T20:36:22Z,0,none,True,False,,UCEfGV5hx2VrXl4jOUnG0MRQ
CI4KEiNlX0w,UgwkSpLLpc0_iGWWz_14AaABAg,@pinguinhodogamer6438,https://yt3.ggpht.com/oda1aju550ypuDjRzTvJQ3rBRk79yYsBDiZC7H1s5pYSOT8zbUSNY_ktH9TB0RH1Gjtjv27GAQ=s48-c-k-c0x00ffffff-no-rj,http://www.youtube.com/@pinguinhodogamer6438,UCfCofhyaeYWaSN5WItJwRxg,Kkkkk,2022-09-10T19:01:10Z,2022-09-10T19:01:10Z,0,none,True,False,,UCEfGV5hx2VrXl4jOUnG0MRQ
CI4KEiNlX0w,Ugx2xOdFdG7qg-PBXnl4AaABAg,@urilhaco2444,https://yt3.ggpht.com/krywmPkePGvFsm44qU4FOuRWPKbcWT5r7C55V0MbVZOWUqWyu4VrOd3sjuJM5JjbkzXos-D6yA=s48-c-k-c0x00ffffff-no-rj,http://www.youtube.com/@urilhaco2444,UCVyhAO7OwfiuFdmLBEj-b-w,"Terraria:hmmmm
Bela ideia amigo Bela ideia",2022-09-10T11:54:29Z,2022-09-10T11:55:04Z,0,none,True,False,,UCEfGV5hx2VrXl4jOUnG0MRQ
CI4KEiNlX0w,UgyZZRxCG9GTu-leBNt4AaABAg,@danieltdb380,https://yt3.ggpht.com/ytc/AIdro_mtl8Ipsp7cxdrlMAyYZMtGege65epZL5ZkfkFJDT4=s48-c-k-c0x00ffffff-no-rj,http://www.youtube.com/@danieltdb380,UC24D3o33T-FmKeI_jxZbCMQ,üòÖüòÖüòÖüòÖüòÖüòÖüòÖüòÖüòÖüòÖ,2022-09-04T22:36:29Z,2022-09-04T22:36:29Z,0,none,True,False,,UCEfGV5hx2VrXl4jOUnG0MRQ
CI4KEiNlX0w,Ugx88-PbKOK2roUbj-x4AaABAg,@Larii938,https://yt3.ggpht.com/YWB_vgvbh4lgejgDsyEwtFZ-WXIBSam9l0WiUDPn5gaeTrC0s1AY9FBWaZqp721-g-jCr0x1=s48-c-k-c0x00ffffff-no-rj,http://www.youtube.com/@Larii938,UCLsYYyXEWQGaH4h5VgL0Idg,Eu queria armadura para cachorro seria bem legal,2022-09-01T18:25:38Z,2022-09-01T18:25:38Z,0,none,True,False,,UCEfGV5hx2VrXl4jOUnG0MRQ
CI4KEiNlX0w,UgxIv7yRxV2FpIrdLPZ4AaABAg,@Nathalia829,https://yt3.ggpht.com/ANnodicdkxMLthe5wVc4uwlR8BKB2U-2sN-DZu8ngxCVg9ZVPReHnUKlm_Qnb69a7eFuns-Dtg=s48-c-k-c0x00ffffff-no-rj,http://www.youtube.com/@Nathalia829,UC9IQv-M8uLhhjPUaQPi39_Q,"Uma coisa que tinha adicionar era armadura de cachorro, responde o meu coment√°rio por favor",2022-09-01T15:11:04Z,2022-09-01T15:11:04Z,0,none,True,False,,UCEfGV5hx2VrXl4jOUnG0MRQ
CI4KEiNlX0w,UgyzbgLA3_d9veAo8354AaABAg,@genivaldosantossantos7086,https://yt3.ggpht.com/ytc/AIdro_kxKcpAmpqAzVRKeqXCsdk805Gr1kk3WYIoMGQ2-1v8z1r3YeMOa9PsH8iPqbDD5joqcA=s48-c-k-c0x00ffffff-no-rj,http://www.youtube.com/@genivaldosantossantos7086,UCcme5izH6Wnawqu6Xu2reMQ,GE leiavoseeuntolegan,2022-08-27T19:46:14Z,2022-08-27T19:46:14Z,0,none,True,False,,UCEfGV5hx2VrXl4jOUnG0MRQ
CI4KEiNlX0w,UgzgCFA1ecrTAoXaRLp4AaABAg,@Anya_2.0,https://yt3.ggpht.com/IdFVL1OngADvfE-62m_v6bnUFJEOcVWsZ3rEUW0QFOVkp40zCFCKiyVhM3PO-QDt9bhVkvI7=s48-c-k-c0x00ffffff-no-rj,http://www.youtube.com/@Anya_2.0,UCDTSuwm4mGVqvHmNpJW2tbA,IMSTSTS DE MOB SO SE FOR E SERIA BOM UM BONDO DE ONIBOS  IA FICAR EM TODO LIGAR? ESE BOMDO DE ONIBOS EM TODO BIOMA,2022-08-21T15:06:48Z,2022-08-21T15:06:48Z,0,none,True,False,,UCEfGV5hx2VrXl4jOUnG0MRQ
CI4KEiNlX0w,UgzUbSbYsGzJ0QSkNT54AaABAg,@kakaplatinun9800,https://yt3.ggpht.com/quMHHOv00SkzCuFjltURaB_Np3Wv4jW4VhN9GR2XfT8qDNwMyHn0hcqLunrbUGLwEqIZy0Gqxg=s48-c-k-c0x00ffffff-no-rj,http://www.youtube.com/@kakaplatinun9800,UCdg4MtM714XRYNhl2SCqhRQ,Kkkkk Kkkkk kkkkkkkkkkkkküòÑüòÑüòÑüòÑüòÑüòÑüòÑüê¥üê¥,2022-08-19T22:39:01Z,2022-08-19T22:39:01Z,0,none,True,False,,UCEfGV5hx2VrXl4jOUnG0MRQ
CI4KEiNlX0w,Ugwm73W9Oc9fRCgYgbt4AaABAg,@Baiacu_do_zap,https://yt3.ggpht.com/VetT0EO0AYFzbL9o8oIE3N4NgcpDfrqDRMpgb--pls90aFndMN4Y46wbSC-xIVfKD5pqkM81=s48-c-k-c0x00ffffff-no-rj,http://www.youtube.com/@Baiacu_do_zap,UCb8G3mYVJsyBKwrZS7xXiSA,Cara aranha nem √© insetos,2022-08-04T17:16:38Z,2022-08-04T17:16:38Z,0,none,True,False,,UCEfGV5hx2VrXl4jOUnG0MRQ
CI4KEiNlX0w,Ugyptv8gM6OJ0KKjxaB4AaABAg,@isabellyvideos4305,https://yt3.ggpht.com/iCPOkoM8DzRyXRw9YnV9TpXxMNSuEuYfd3_qz0M66A6cflNp661asuqVH40BKQAAzB0sjVQg2w=s48-c-k-c0x00ffffff-no-rj,http://www.youtube.com/@isabellyvideos4305,UCbmoZM7ry7gPrxYawuoygZw,<3 (‚óï·¥ó‚óï‚úø),2022-08-04T14:03:18Z,2022-08-04T14:03:18Z,0,none,True,False,,UCEfGV5hx2VrXl4jOUnG0MRQ
CI4KEiNlX0w,UgyOwL3vVwlM7qtCNtF4AaABAg,@benjaminmota5625,https://yt3.ggpht.com/ytc/AIdro_kLJridYjGTXthycMrOThrZ5W8GMLbUTrPpruir91I=s48-c-k-c0x00ffffff-no-rj,http://www.youtube.com/@benjaminmota5625,UCY5jlysjmjLLJojv_V0hZXg,verdade deveria existir √înibus no minecraft.,2022-08-03T11:48:38Z,2022-08-03T11:48:38Z,0,none,True,False,,UCEfGV5hx2VrXl4jOUnG0MRQ
CI4KEiNlX0w,Ugw_Q0YzK7CBmJUZyKN4AaABAg,@mariavalderezneridesantana4641,https://yt3.ggpht.com/qiFHeSI9m9-hyMVRXIMQiUQvBP2BkNBvqYwZyMl9x3yE-7xDr4gBQ-cFLD4c8Em9oeCy9zAqtA=s48-c-k-c0x00ffffff-no-rj,http://www.youtube.com/@mariavalderezneridesantana4641,UCyrR-UEPo4uhrlGH5qJT6DA,Eu gostaria que exestisi metralhadora eai botar os bixo  pra correr,2022-08-01T10:05:03Z,2022-08-01T10:05:03Z,1,none,True,False,,UCEfGV5hx2VrXl4jOUnG0MRQ
CI4KEiNlX0w,Ugw3fdpE2q0A4-DHIBF4AaABAg,@gamerzezeucreator,https://yt3.ggpht.com/ObxPHZ_YspVwUCAAn_dxikmYTgSUc6jQaRLp5iSIFyziIDZsYgx0vo3QnfOSyqtlykpavoUx5g=s48-c-k-c0x00ffffff-no-rj,http://www.youtube.com/@gamerzezeucreator,UCzSh0Ob5wc5MQVljT8qEyTg,Link d√° m√∫sica,2022-07-31T00:27:56Z,2022-07-31T00:27:56Z,0,none,True,False,,UCEfGV5hx2VrXl4jOUnG0MRQ
CI4KEiNlX0w,UgzNztytJsMFeYtMM314AaABAg,@estherbarbosa7475,https://yt3.ggpht.com/ytc/AIdro_nj7PAq489rI6NHK471MkFocojz6YJXKcDqEE2K1NQlj-I_sNgBPBPSsnyomX85OyBptw=s48-c-k-c0x00ffffff-no-rj,http://www.youtube.com/@estherbarbosa7475,UCzlVa8Sgzb4hOjw-oBzplXw,Amanh√£ eu duvido voc√™ fazer um v√≠deo fazendo tudo na vida real do que os seus amigos,2022-07-30T19:01:35Z,2022-07-30T19:01:35Z,0,none,True,False,,UCEfGV5hx2VrXl4jOUnG0MRQ
CI4KEiNlX0w,Ugw_4RpgqZhxkmyb8jp4AaABAg,@arthur-galogalactico4325x,https://yt3.ggpht.com/yvnVlZ-pxWQvJp0TVwO5PUnP4FCVmM40US5hnP1QpHZ44RYJftQnd9d7ilPTF5bWeTfTe1zomQ=s48-c-k-c0x00ffffff-no-rj,http://www.youtube.com/@arthur-galogalactico4325x,UCLNGUc-N7du42O5DFuDUzOw,Geleia eu gostaria que voc√™ adesionace o galoüêìüê£üê•üê§ no minecraft prederok.           h√° 1ano,2022-07-27T13:09:02Z,2022-07-27T13:11:46Z,0,none,True,False,,UCEfGV5hx2VrXl4jOUnG0MRQ
CI4KEiNlX0w,UgwY8HmlMYp40pDTV7d4AaABAg,@beatrizmendes5851,https://yt3.ggpht.com/ytc/AIdro_k78bXqxjvCHrukhuyGTsKlhlaQhxV6ae87tix931MAixZFqdBbIe8JVhOogv1wZNqh6A=s48-c-k-c0x00ffffff-no-rj,http://www.youtube.com/@beatrizmendes5851,UComxLKHwkX5iQr8f3sHPc4A,Comsertesa ia se otimov,2022-07-26T23:28:12Z,2022-07-26T23:28:12Z,0,none,True,False,,UCEfGV5hx2VrXl4jOUnG0MRQ
CI4KEiNlX0w,UgwPrDRjNmSGEeBfyux4AaABAg,@kanaanaraujo9976,https://yt3.ggpht.com/ytc/AIdro_miAAAPZKICt45qLVk9PCfhKibQpsxJuYKJ1jCv5OhzuED7_B4kfBYRTHdu6Lm8ocHlAQ=s48-c-k-c0x00ffffff-no-rj,http://www.youtube.com/@kanaanaraujo9976,UCih-HYaWDLSVgOCRTGl-zNA,Isso √© uma verdade certeza,2022-07-22T09:08:28Z,2022-07-22T09:08:28Z,0,none,True,False,,UCEfGV5hx2VrXl4jOUnG0MRQ
CI4KEiNlX0w,UgxSQltMgDLe948tN2t4AaABAg,@Bobesponja_louco1223,https://yt3.ggpht.com/vof5cC_ZOKknU7KRy9QLeqWQgZDiyVkdUCje4HvYvTrEEGZwoBHj-JGEpJuZEM7EMSUu5qLH=s48-c-k-c0x00ffffff-no-rj,http://www.youtube.com/@Bobesponja_louco1223,UCjID7ug6bxzkzLpzpCqzvfA,Kkk,2022-07-22T04:06:31Z,2022-07-22T04:06:31Z,0,none,True,False,,UCEfGV5hx2VrXl4jOUnG0MRQ
CI4KEiNlX0w,Ugw58_4gKkhvrTRpBU54AaABAg,@daianebele9022,https://yt3.ggpht.com/ytc/AIdro_kH84VO_xB2UzxXn4a-8OZNHLYQoVxnGL9fW86pKcI=s48-c-k-c0x00ffffff-no-rj,http://www.youtube.com/@daianebele9022,UCfaDxF-nuANVezLq1_yGHnA,que minecraft que √© o seu,2022-07-20T15:32:12Z,2022-07-20T15:32:12Z,0,none,True,False,,UCEfGV5hx2VrXl4jOUnG0MRQ
CI4KEiNlX0w,UgwDhQbe1uwRaPAtXoh4AaABAg,@autmecmecanico,https://yt3.ggpht.com/kp0Ui7d_toeq7HIXO5qlpjAHS414O0LyKI6x74KJl38swg0uPhci7cY-K-Yq4zHnq4pjEKWRRQ=s48-c-k-c0x00ffffff-no-rj,http://www.youtube.com/@autmecmecanico,UC6-VDr7U2tyUxgY35X9a4qw,Verdade,2022-07-19T12:53:35Z,2022-07-19T12:53:35Z,0,none,True,False,,UCEfGV5hx2VrXl4jOUnG0MRQ
CI4KEiNlX0w,UgzEKpMq4s8MyniDZ754AaABAg,@tiagosouza8877,https://yt3.ggpht.com/ytc/AIdro_nsrz4zSg5dCaCCnEm7_KS4-_Sfa1doGWI7EyxUDUrudZ1ahvhxsdDwvXeOce18W0Drwg=s48-c-k-c0x00ffffff-no-rj,http://www.youtube.com/@tiagosouza8877,UCgNKeI_Ef2i6oWod0-JzkXg,Kkkkkkkkkkkkkk,2022-07-13T00:26:12Z,2022-07-13T00:26:12Z,0,none,True,False,,UCEfGV5hx2VrXl4jOUnG0MRQ
CI4KEiNlX0w,Ugxtv6jefGqAuJDJrzh4AaABAg,@ofa4670,https://yt3.ggpht.com/2qitNeBVaU1oaskCV0GDZ7XLCbeiTXEKIWBSUkxjBRHoiui34n_JV1TnGjYZKwm4MO_dVoL7UQ=s48-c-k-c0x00ffffff-no-rj,http://www.youtube.com/@ofa4670,UCQoc4minNZpkKAT43EI-6KA,"Se tem uma coisa q deveria existir no mine √©, um porco com uma coroa em homenagem ao Technoblade",2022-07-08T01:49:40Z,2022-07-08T01:49:40Z,0,none,True,False,,UCEfGV5hx2VrXl4jOUnG0MRQ
CI4KEiNlX0w,UgzEzTSoIiVKAYtbG5V4AaABAg,@MENDRUX-100-O-MELHOR,https://yt3.ggpht.com/WL2Xh_wfs1UjS0GM1OFnYTAyBEtZEsmDFIJiYkc7jJFBsuOveWfylxQ2bwec5mI1nSKfGPlD=s48-c-k-c0x00ffffff-no-rj,http://www.youtube.com/@MENDRUX-100-O-MELHOR,UCw4SfBGABJHgELi5j9zeB6A,Kkkk,2022-07-05T18:00:27Z,2022-07-05T18:00:27Z,0,none,True,False,,UCEfGV5hx2VrXl4jOUnG0MRQ
CI4KEiNlX0w,UgziGU0CbjevYqYCJj94AaABAg,@aylamdk4193,https://yt3.ggpht.com/ytc/AIdro_lE-2v4pt1Am5Vt4Pedf4xjFjaVCExlg_cJVl7OY2xcwvV1BhXRzUSHIHLwFa5dONFuTw=s48-c-k-c0x00ffffff-no-rj,http://www.youtube.com/@aylamdk4193,UC6yC_pBaxKehPrSLnz1MWOA,Uma coisa que deveria existir raquete de matar bicho para gente ficar matando os Phantom,2022-07-04T21:33:20Z,2022-07-04T21:33:20Z,1,none,True,False,,UCEfGV5hx2VrXl4jOUnG0MRQ
CI4KEiNlX0w,UgxW-morEKaUjYEEcYV4AaABAg,@wagneralexandre4555,https://yt3.ggpht.com/ytc/AIdro_ltr8_5IkqWny8Mq1Oe0dhg604FbwyryP3GrX3wr9s=s48-c-k-c0x00ffffff-no-rj,http://www.youtube.com/@wagneralexandre4555,UCN7x5wP9C2Yo-9IGmqlwMmA,Kaiqe,2022-06-28T01:35:02Z,2022-06-28T01:35:02Z,0,none,True,False,,UCEfGV5hx2VrXl4jOUnG0MRQ
CI4KEiNlX0w,UgxYVMQsq7QHy23ttJd4AaABAg,@wagneralexandre4555,https://yt3.ggpht.com/ytc/AIdro_ltr8_5IkqWny8Mq1Oe0dhg604FbwyryP3GrX3wr9s=s48-c-k-c0x00ffffff-no-rj,http://www.youtube.com/@wagneralexandre4555,UCN7x5wP9C2Yo-9IGmqlwMmA,üòöüôè‚ù§Ô∏è‚ù§Ô∏èü§©‚ù§Ô∏èüß°üíõüíöüíôüíúü§éüñ§ü§ç‚ô•Ô∏èüíòüíùüíñüíóüíìüíûüíïüíåüíü‚ù£Ô∏èüíîüíãüë•üë§üó£Ô∏èüë£üß†ü©∏ü¶†ü¶∑ü¶¥‚ò†Ô∏èüíÄüëÄü¶ªüëÇüëÉüëÖüëÑüëÅÔ∏èüôåü¶∂ü¶µüëèü¶øüëéü¶æüëçüí™üíÖüôèü§≥,2022-06-28T01:34:28Z,2022-06-28T01:34:28Z,0,none,True,False,,UCEfGV5hx2VrXl4jOUnG0MRQ
CI4KEiNlX0w,UgwIFEBjxjy7buMWV9l4AaABAg,@jonasgabrieldasilvapaes1362,https://yt3.ggpht.com/lvO7P6RZfG3aHd1o3hJZsMH1fZCsNGZ4b3cvnKKUpj6qhMNGCstuOCZYkbnyZIG4qGqK94Wji94=s48-c-k-c0x00ffffff-no-rj,http://www.youtube.com/@jonasgabrieldasilvapaes1362,UCHdZKEaNKAGXyBw3YAxVuVA,Geleia piadista,2022-06-27T22:17:48Z,2022-06-27T22:17:48Z,0,none,True,False,,UCEfGV5hx2VrXl4jOUnG0MRQ
CI4KEiNlX0w,Ugxt1NdfompUETLBVi94AaABAg,@bobsilva9031,https://yt3.ggpht.com/ytc/AIdro_l5ZIbBEgwtZgFkpa5rNV02u-8Vx6YggfmL2j0PeAXobTQsCm2wmmfwdUlmilBjHqr4mA=s48-c-k-c0x00ffffff-no-rj,http://www.youtube.com/@bobsilva9031,UCHhKYaCent4IMCOl3Uv9GjA,üñíüñíüñíüñíüñí,2022-06-24T18:11:45Z,2022-06-24T18:11:45Z,0,none,True,False,,UCEfGV5hx2VrXl4jOUnG0MRQ
CI4KEiNlX0w,Ugyp4h_44AoHTsOXCX14AaABAg,@chicletinhaRoblox,https://yt3.ggpht.com/JjNHp6xTfsA9KVkdPOFWBr9uxO6Rv0b3WBNOi_IoM51A6VARf20vHVQIgxUd1qfxLpaOhLUCfw=s48-c-k-c0x00ffffff-no-rj,http://www.youtube.com/@chicletinhaRoblox,UCodzgbH8byS3HNHk96a7oUw,Vai prefeito geleia !,2022-06-23T22:12:24Z,2022-06-23T22:12:24Z,0,none,True,False,,UCEfGV5hx2VrXl4jOUnG0MRQ
CI4KEiNlX0w,UgzzNXavGWwB97AnKBp4AaABAg,@saletebernardi5150,https://yt3.ggpht.com/H2TfkPBBjCiOb5dQWcMeF4gZo61wwF852PEJzOaJvZTu1ciDoIv8muKuOvAOBcjJqA5oqES5=s48-c-k-c0x00ffffff-no-rj,http://www.youtube.com/@saletebernardi5150,UC-AgBq4KEKPoYVF4Rk8iQnA,Tinha q te morten ( veneno de inseto ),2022-06-23T02:35:08Z,2022-06-23T02:35:08Z,0,none,True,False,,UCEfGV5hx2VrXl4jOUnG0MRQ
CI4KEiNlX0w,Ugyv1GLDuYWF-uWr4Td4AaABAg,@prjutemarmatos,https://yt3.ggpht.com/YN39gwXGiJtLD1jozZ937HYm2bDq8mCNInLGMM5afFA1A5OtlB2tEdD7y3AtQkg3qksd1NmZ=s48-c-k-c0x00ffffff-no-rj,http://www.youtube.com/@prjutemarmatos,UChRpR0VNy1K4tESLhwR829Q,Oi galera meu nome √© Gabriele eu sou muito sua f√£ vejo seus desenhos todo,2022-06-21T21:35:13Z,2022-06-21T21:35:13Z,0,none,True,False,,UCEfGV5hx2VrXl4jOUnG0MRQ
CI4KEiNlX0w,UgyBWiE0FVatgMLMYuB4AaABAg,@Viajantelucas,https://yt3.ggpht.com/Nc1nDU_-ChrAKttmDRGuXWxrczr7kUYDNXrwbyyAmGTygT3qJRGI6qG3VkVuqlX55LV5sTcU8A=s48-c-k-c0x00ffffff-no-rj,http://www.youtube.com/@Viajantelucas,UCDCuSPWTWjT3u_OjXCQhEfQ,üëçüëçüëçüëçüëçüòÄ,2022-06-20T22:02:07Z,2022-06-20T22:02:07Z,1,none,True,False,,UCEfGV5hx2VrXl4jOUnG0MRQ
CI4KEiNlX0w,UgzuuAsCtoFnn-T5HcB4AaABAg,@Laurinha2509.,https://yt3.ggpht.com/r1qTJzT5P_frte8Qha822PaOXOAPGU5beQl5ckjdrqp6KzlyyfSsMJ9iM6Ts82HAfgRDBt7S=s48-c-k-c0x00ffffff-no-rj,http://www.youtube.com/@Laurinha2509.,UChT8VadZ59SOQaMASESfw7g,Concordo,2022-06-20T21:48:28Z,2022-06-20T21:48:28Z,0,none,True,False,,UCEfGV5hx2VrXl4jOUnG0MRQ
CI4KEiNlX0w,UgwRiEMMVf72X0FJsJV4AaABAg,@batata6496,https://yt3.ggpht.com/ebHUTH0-hzjlCxEmJLJJt3k668GVunvUXaqGHA1xYUJBSXX4Y18P3Jr9gfB6Y3Aemxtx7Pj_HA=s48-c-k-c0x00ffffff-no-rj,http://www.youtube.com/@batata6496,UCGOneMfa8aq7yzj-ON8VDuw,"Mais Minecraft e medieval e n√£o atual, entenda, por isso e ruim botar nos de carro,arma e essas coisas",2022-06-20T12:52:19Z,2022-06-20T12:52:53Z,0,none,True,False,,UCEfGV5hx2VrXl4jOUnG0MRQ
CI4KEiNlX0w,UgxOHCCA9zNCIayZrlF4AaABAg,@dustsannes9502,https://yt3.ggpht.com/tcZ6OvhT8LemucoehIHfneRTQxv8FLONsWWrveBFrZCYm4aN_tb5Gq8gfYDNnpCUPDhYfiojmg=s48-c-k-c0x00ffffff-no-rj,http://www.youtube.com/@dustsannes9502,UCiekrqW3JIgdcAY81Sa-34Q,Hmmm e a armadura pra cachorro hmmmm e peitoral com elytra hmmmmm HMMMMM,2022-06-19T05:40:52Z,2022-06-19T05:40:52Z,0,none,True,False,,UCEfGV5hx2VrXl4jOUnG0MRQ
CI4KEiNlX0w,UgydWrZPMSdSHLCrcjp4AaABAg,@SasukeUchiha-oe6xq,https://yt3.ggpht.com/ytc/AIdro_mbdw79JGc5mlEFb4L_fDS_eNfnZ3cB5TODqlDQLt_5YWQ-7_FLklstw7UB2tMe0YfK6w=s48-c-k-c0x00ffffff-no-rj,http://www.youtube.com/@SasukeUchiha-oe6xq,UCbkaLFfAdyrhuWv_82jlYDQ,Prefiro armadura de cahorro,2022-06-18T04:26:44Z,2022-06-18T04:26:44Z,0,none,True,False,,UCEfGV5hx2VrXl4jOUnG0MRQ
CI4KEiNlX0w,UgwiOg0BNgjVziMI8l94AaABAg,@eliziandracabral7488,https://yt3.ggpht.com/ytc/AIdro_lkA4Mq-OjZcbbBavVjrA9TaDCrgDTybIycuNWxnnjJw1gI=s48-c-k-c0x00ffffff-no-rj,http://www.youtube.com/@eliziandracabral7488,UCivTtwZFdQw6MdqUkpnSjkg,OQUEüòÆ,2022-06-18T02:14:43Z,2022-06-18T02:14:43Z,0,none,True,False,,UCEfGV5hx2VrXl4jOUnG0MRQ
CI4KEiNlX0w,UgwNRLVIz7TDaNL5gKN4AaABAg,@eduardofernades8791,https://yt3.ggpht.com/TQwvbXhXTp5qPA4FPp8uGQyvG7NudglgtD5nV6IX9fd3Owpl4zsfwK4BT4A5y1S38dVwbWap_w=s48-c-k-c0x00ffffff-no-rj,http://www.youtube.com/@eduardofernades8791,UCzZvr5qbLo6yeUgAzLS72WA,Isso mesmo tinha que ter mesmo tem que falar com o criador do minecraft,2022-06-17T09:54:15Z,2022-06-17T09:54:57Z,0,none,True,False,,UCEfGV5hx2VrXl4jOUnG0MRQ
CI4KEiNlX0w,Ugw_mhkOMokrYSMpfbp4AaABAg,@rianoliveira2956,https://yt3.ggpht.com/ytc/AIdro_nda3NuW4HXFz11TFja6elUTDgEB9wuwjLWBcCho3VqWai3G3DxOL09_d1cje349l3kKw=s48-c-k-c0x00ffffff-no-rj,http://www.youtube.com/@rianoliveira2956,UCd9cWWy5BPgkFGT9nlwPMCw,Tenta criar um monte desse posta no seu canal por favor,2022-06-16T13:51:06Z,2022-06-16T13:51:06Z,0,none,True,False,,UCEfGV5hx2VrXl4jOUnG0MRQ
CI4KEiNlX0w,UgyCFOpfJRibfxieXeN4AaABAg,@murielfabianoalves2228,https://yt3.ggpht.com/MMy2mRr4l_0JSlfttZrBAy_aFS7dB576I4rphDtquyg7WcsyY8UiuAbdKoLx8ispNuYIgbx-V5c=s48-c-k-c0x00ffffff-no-rj,http://www.youtube.com/@murielfabianoalves2228,UC5OeaqHyb3E-hGVG79fx45g,Oi,2022-06-15T22:25:20Z,2022-06-15T22:25:20Z,0,none,True,False,,UCEfGV5hx2VrXl4jOUnG0MRQ
CI4KEiNlX0w,Ugy3Ca9HYnYZA5KfJ7N4AaABAg,@Miguelin_gamer8534,https://yt3.ggpht.com/SRsN0mVHVig19V3h5VKb5gP66YFJ1lv3rG9_2DpvirezJgrn-hkPbfuxumCY76UhWByjQOicrFA=s48-c-k-c0x00ffffff-no-rj,http://www.youtube.com/@Miguelin_gamer8534,UCYBGsABD9LjIlRF927GYB7w,Ta parecendo o whindersson nunes,2022-06-15T22:06:20Z,2022-06-15T22:06:20Z,0,none,True,False,,UCEfGV5hx2VrXl4jOUnG0MRQ
CI4KEiNlX0w,UgxowgFcreUg0oUG0dd4AaABAg,@TioduLamen,https://yt3.ggpht.com/_q3CZtCwOJraAgakJ3K9rW5AqctzCQC5vuJ4dVk8VKRBP-T_ORTSRA-7bHaHbTI3bk0hZqad4A=s48-c-k-c0x00ffffff-no-rj,http://www.youtube.com/@TioduLamen,UCSc9jo-0J9x0y5D_Z6zCajg,Fais uma aranha transforma em moto kkk,2022-06-13T19:26:48Z,2022-06-13T19:26:48Z,0,none,True,False,,UCEfGV5hx2VrXl4jOUnG0MRQ
CI4KEiNlX0w,UgxL-ZayQ1A26wdN0Y94AaABAg,@kelysonafonsoribeiro4346,https://yt3.ggpht.com/ceF1CvoRv_V_UtZBcB53D-dDR_Tzwuu9GtzeeSlyvXC8sSHArSLJG_OnnqW7cO8gsaKxFfQNcCQ=s48-c-k-c0x00ffffff-no-rj,http://www.youtube.com/@kelysonafonsoribeiro4346,UCKMoCoUacKejQV-PpP8GCjA,Nossa seria bom,2022-06-13T11:20:32Z,2022-06-13T11:20:32Z,0,none,True,False,,UCEfGV5hx2VrXl4jOUnG0MRQ
CI4KEiNlX0w,UgwN1NdGm435drHO2Rt4AaABAg,@aldapereira8895,https://yt3.ggpht.com/ytc/AIdro_lImVEFshLCzwKPwsKil_wI44W3fLO5VgHisdM_-Jtm5ZMsPSMXFTRot9-tSU3zW38Ftw=s48-c-k-c0x00ffffff-no-rj,http://www.youtube.com/@aldapereira8895,UCfnvXveH5PMAMjAI_e_YFcA,ü•∞ü•∞üòçüòçüòçüòáüòáüòáüòáüòªüòªüíûüíòüíòüíòüíùüòäüòä,2022-06-12T19:33:41Z,2022-06-12T19:33:41Z,1,none,True,False,,UCEfGV5hx2VrXl4jOUnG0MRQ
CI4KEiNlX0w,UgzPGdOz-vVcIWlyL9R4AaABAg,@noelmafigueredodejesus8111,https://yt3.ggpht.com/ytc/AIdro_kFvvOrwnn-cMFNwkhnp3o2Un3x56mn7ygNnwimnPrCn0s=s48-c-k-c0x00ffffff-no-rj,http://www.youtube.com/@noelmafigueredodejesus8111,UCxfughjXTe3MPnpDFjK9IEw,Oi geleia,2022-06-11T17:40:20Z,2022-06-11T17:40:20Z,0,none,True,False,,UCEfGV5hx2VrXl4jOUnG0MRQ
CI4KEiNlX0w,UgxKHNB0hUq-OgcYCB54AaABAg,@rogeriocarvalho6498,https://yt3.ggpht.com/ytc/AIdro_mJ85WZzM_RmYltKf1F64f4ltMZ_DA51wt0sMKKy-g=s48-c-k-c0x00ffffff-no-rj,http://www.youtube.com/@rogeriocarvalho6498,UC1PGb9O5QVaa6XipztsVzYQ,üòÇüòÇüòÇüòÇüòÇüòÇüòÇüòÇüòÇüòÇüòÇüòÇüòÇüòÇüòÇüòÇüòÇüòÇüòÇüòÇüòÇüòÇüòÇüòÇüòÇüòÇüòÇüòÇüòÇüòÇüòÇüòÇüòÇüòÇüòÇüòÇüòÇüòÇüòÇüòÇüòÇüòÇüòÇüòÇüòÇüòÇüòÇüòÇüòÇüòÇüòÇüòÇüòÇüòÇüòÇüòÇüòÇüòÇüòÇüòÇüòÇüòÇüòÇüòÇüòÇüòÇüòÇüòÇüòÇüòÇüòÇüòÇüòÇüòÇüòÇüòÇüòÇüòÇüòÇüòÇüòÇüòÇüòÇüòÇüòÇüòÇüòÇüòÇüòÇüòÇüòÇüòÇüòÇüòÇüòÇüòÇüòÇüëçüëçüëçüëçüëçüëçüëçüëçüëçüëçüëçüëçüëçüëçüëçüëçüëçüëçüëçüëçüëçüëçüëçüëçüëçüëçüëçüëçüëçüëçüëçüëçüòÇüòÇüòÇüòÇüòÇüòÇüòÇüòÇüëèüëèüòÇüòÇüòÇüòÇüòÇüòÇ,2022-06-11T02:18:15Z,2022-06-11T02:18:15Z,0,none,True,False,,UCEfGV5hx2VrXl4jOUnG0MRQ
CI4KEiNlX0w,UgwmzCMKub5G2Xh45CR4AaABAg,@doutorearth7139,https://yt3.ggpht.com/HuxO3swtkMgY5tNltGqBSHQOPz7lImYKRYXpioBKUyo06s2yiSOOFG09CtuyvQrmhlBxhMuO=s48-c-k-c0x00ffffff-no-rj,http://www.youtube.com/@doutorearth7139,UCFiHV733vSFc-2UCnIgcxZA,"Geleia, voc√™ poderia me falar o nome da m√∫sica?",2022-06-08T18:22:56Z,2022-06-08T18:22:56Z,0,none,True,False,,UCEfGV5hx2VrXl4jOUnG0MRQ
CI4KEiNlX0w,UgxPLCGHMqSy2RgRO7l4AaABAg,@Asta_bleck12,https://yt3.ggpht.com/noNKlB3dnpDVARBJctMQIYQ1d1VICoUwS6ikKy6HAsAdARbSiqxF6Sbfq20MhSuJ9k4fOmYHOg=s48-c-k-c0x00ffffff-no-rj,http://www.youtube.com/@Asta_bleck12,UCtBJAZ9Wbx0ERQs00JLzT8A,Rola,2022-06-07T15:54:52Z,2022-06-07T15:54:52Z,0,none,True,False,,UCEfGV5hx2VrXl4jOUnG0MRQ
CI4KEiNlX0w,Ugy7fPyVVG7uO5AuxOZ4AaABAg,@pedrohenriquegarces5162,https://yt3.ggpht.com/ytc/AIdro_kWs6MD0bSk1KdmkOUxJW6iMA_nWBCZ2RLISTc023pUH-y7G0XJUN9DGZy6oFjSPt-GnA=s48-c-k-c0x00ffffff-no-rj,http://www.youtube.com/@pedrohenriquegarces5162,UCkxNiEJuVFx_Con8x80J-yQ,Quem acha que o geleia deve ser eleito para presidente aqui ni minecraft comenta qui em baixo ou da like,2022-06-06T18:32:39Z,2022-06-06T18:32:39Z,0,none,True,False,,UCEfGV5hx2VrXl4jOUnG0MRQ
CI4KEiNlX0w,Ugw5umY7nvvlsfPHR-h4AaABAg,@janecleadesouza5640,https://yt3.ggpht.com/ytc/AIdro_m0lSPtZeWQ9kUPrCBLirnscpXFXU9Sag9bzvivVruuPLG8=s48-c-k-c0x00ffffff-no-rj,http://www.youtube.com/@janecleadesouza5640,UCTG3QEUwpB64rCxrq3DV7wQ,Verdade deveria existe mas n√£o culpo o notch,2022-06-06T15:42:23Z,2022-06-06T15:42:23Z,0,none,True,False,,UCEfGV5hx2VrXl4jOUnG0MRQ
CI4KEiNlX0w,UgwYOquYw53gnvzT7Z14AaABAg,@benjamincapatto2082,https://yt3.ggpht.com/ytc/AIdro_k2Z6xibrg89ceTOo7QwIhmWgTtrF_4kXgPI5mFtPQPS_pSZElk3qsj1WdP_NCQ-9WqQw=s48-c-k-c0x00ffffff-no-rj,http://www.youtube.com/@benjamincapatto2082,UC4Q2u7Q5RuZfYlk129pRI8g,Geleia √© o meu sonho poder te ver,2022-06-04T19:23:28Z,2022-06-04T19:23:28Z,0,none,True,False,,UCEfGV5hx2VrXl4jOUnG0MRQ
CI4KEiNlX0w,Ugz5okUhM2LSDMJaubp4AaABAg,@Eduardo-nm6fo,https://yt3.ggpht.com/ytc/AIdro_kFKyUfpTt-g7ZZ-6LZ1sANP6791YgWTIsbAPxggknb2p4vMYee8SivclGdDEQnvFVPyg=s48-c-k-c0x00ffffff-no-rj,http://www.youtube.com/@Eduardo-nm6fo,UCsSdnMit8IszKauA8h1anOA,"Isso √© verdade geleia isso ia ficar melhor se tevese uber e o pais Uberl√¢ndia que concorda clica aqui
üëá",2022-06-02T18:57:13Z,2022-06-02T18:57:13Z,0,none,True,False,,UCEfGV5hx2VrXl4jOUnG0MRQ
CI4KEiNlX0w,UgwwY86tfaih4Aa3SJR4AaABAg,@lucianecastrodias4272,https://yt3.ggpht.com/ytc/AIdro_kEK7G97VI_Sjv41gjy5MSmQhhZZqyoZARoFB6FMDk=s48-c-k-c0x00ffffff-no-rj,http://www.youtube.com/@lucianecastrodias4272,UC8tHLL8xR-PtfJbc03xAOjQ,GeleiaEuviGblfasedooseusesussites,2022-05-30T13:40:44Z,2022-05-30T13:40:44Z,0,none,True,False,,UCEfGV5hx2VrXl4jOUnG0MRQ
CI4KEiNlX0w,Ugzhod5A5RVb5JV1CIR4AaABAg,@gk-master.,https://yt3.ggpht.com/FIJc0yw-d9TGRXSZPDpAm-Y5u05-rSoRAdroWsaWZjjeieRSiD-0Zexd-wS47sgG5RdsSp2_ZFU=s48-c-k-c0x00ffffff-no-rj,http://www.youtube.com/@gk-master.,UCDCighP3r6bLRlRRi-6ui7g,"Quem gosta do do geleia 
üëáüèªclica aqui",2022-05-27T03:25:11Z,2022-05-27T03:25:11Z,25,none,True,False,,UCEfGV5hx2VrXl4jOUnG0MRQ
CI4KEiNlX0w,Ugzhod5A5RVb5JV1CIR4AaABAg.9bWTaimarmQ9ccNVhGeTHn,@Luigisincero0001,https://yt3.ggpht.com/OLEwkKmTIXgyIgD57zVtZNYbvFhnUu_MlmePnRSRTaQg1ZWrI-UKd7k2hlHpBxWwcgkDy1P90Fc=s48-c-k-c0x00ffffff-no-rj,http://www.youtube.com/@Luigisincero0001,UC-rCSmNGhEGyo9taClxK1mg,Caraca uma pessoa,2022-06-23T16:18:00Z,2022-06-23T16:18:00Z,0,none,True,True,Ugzhod5A5RVb5JV1CIR4AaABAg,UCEfGV5hx2VrXl4jOUnG0MRQ
CI4KEiNlX0w,Ugzhod5A5RVb5JV1CIR4AaABAg.9bWTaimarmQ9ccNXXcH5KQ,@Luigisincero0001,https://yt3.ggpht.com/OLEwkKmTIXgyIgD57zVtZNYbvFhnUu_MlmePnRSRTaQg1ZWrI-UKd7k2hlHpBxWwcgkDy1P90Fc=s48-c-k-c0x00ffffff-no-rj,http://www.youtube.com/@Luigisincero0001,UC-rCSmNGhEGyo9taClxK1mg,Agora 2,2022-06-23T16:18:15Z,2022-06-23T16:18:15Z,0,none,True,True,Ugzhod5A5RVb5JV1CIR4AaABAg,UCEfGV5hx2VrXl4jOUnG0MRQ
CI4KEiNlX0w,Ugzhod5A5RVb5JV1CIR4AaABAg.9bWTaimarmQ9f-9r1WmG5u,@Anya_2.0,https://yt3.ggpht.com/IdFVL1OngADvfE-62m_v6bnUFJEOcVWsZ3rEUW0QFOVkp40zCFCKiyVhM3PO-QDt9bhVkvI7=s48-c-k-c0x00ffffff-no-rj,http://www.youtube.com/@Anya_2.0,UCDTSuwm4mGVqvHmNpJW2tbA,EU GOSTO DO GELEIA,2022-08-21T15:03:17Z,2022-08-21T15:03:17Z,0,none,True,True,Ugzhod5A5RVb5JV1CIR4AaABAg,UCEfGV5hx2VrXl4jOUnG0MRQ
CI4KEiNlX0w,Ugzhod5A5RVb5JV1CIR4AaABAg.9bWTaimarmQ9fZLtVaCUda,@thallytaoliveirafrazao4249,https://yt3.ggpht.com/ytc/AIdro_mZ5cC5_Py34HlwaSKTcmTpJOZMjqXUqQMI-cjjiwz7rKS0tHZRXgxNlq0RrJ-Ja5ccQg=s48-c-k-c0x00ffffff-no-rj,http://www.youtube.com/@thallytaoliveirafrazao4249,UCcMFyuVhkh0HfLHIWP9xw-A,Quem percebeu que o geleia t√° sem cal√ßa,2022-09-04T16:21:08Z,2022-09-04T16:21:08Z,0,none,True,True,Ugzhod5A5RVb5JV1CIR4AaABAg,UCEfGV5hx2VrXl4jOUnG0MRQ
CI4KEiNlX0w,Ugz_SrblRxTn6Ahn1oF4AaABAg,@marianazaresoares5797,https://yt3.ggpht.com/ytc/AIdro_kIQd925lZn3kNvSQBuSIvxotU3QPyWJUGr6nl8J4Bbkl1bcFpzgHabStJf-LedxUFwQA=s48-c-k-c0x00ffffff-no-rj,http://www.youtube.com/@marianazaresoares5797,UCyX5zo6tB0vEEqfYAJDQW0Q,Angel jogo muito minecraft da manh√£ chaves melhor de √¥nibus minecraft 1.1 uma coisa sem esperamos legalmente andando andando andando a demora tanto estudar pode-se perdendo meio do caminho net tamb√©m t√°xi tem bem a√≠ mano,2022-05-22T01:30:58Z,2022-05-22T01:30:58Z,0,none,True,False,,UCEfGV5hx2VrXl4jOUnG0MRQ
CI4KEiNlX0w,Ugz_SrblRxTn6Ahn1oF4AaABAg.9bJOYpW76989bJO_Ou8rZl,@marianazaresoares5797,https://yt3.ggpht.com/ytc/AIdro_kIQd925lZn3kNvSQBuSIvxotU3QPyWJUGr6nl8J4Bbkl1bcFpzgHabStJf-LedxUFwQA=s48-c-k-c0x00ffffff-no-rj,http://www.youtube.com/@marianazaresoares5797,UCyX5zo6tB0vEEqfYAJDQW0Q,Terminar o meu nome √© Jennifer Caroline,2022-05-22T01:31:11Z,2022-05-22T01:31:11Z,0,none,True,True,Ugz_SrblRxTn6Ahn1oF4AaABAg,UCEfGV5hx2VrXl4jOUnG0MRQ
CI4KEiNlX0w,Ugyj5TV7GIvoD0eB9iB4AaABAg,@emanuellycamilisouzasilvei1649,https://yt3.ggpht.com/6rKV1xBjjjdMlTLJFpAHD4-38BHjMeNI-8SZe4_w26TdyF_wge-G4F2vUC7SGMZ1Srqz-q6y7A=s48-c-k-c0x00ffffff-no-rj,http://www.youtube.com/@emanuellycamilisouzasilvei1649,UCXInCQLUtKHPPuwAVZ-WQQw,"Mano, o Geleia arranja cada id√©ia topüëçüëç",2022-05-21T00:34:48Z,2022-05-21T00:34:48Z,0,none,True,False,,UCEfGV5hx2VrXl4jOUnG0MRQ
CI4KEiNlX0w,UgyGnWv7-nlx4VHa8994AaABAg,@jorgefernando6938,https://yt3.ggpht.com/ytc/AIdro_mqPKmDNd42H-u9MJqXYNRuJN92mhVebhkXYWTSzrw=s48-c-k-c0x00ffffff-no-rj,http://www.youtube.com/@jorgefernando6938,UCYE5Bxt7J9Ed3cBRWrzp8pQ,Seria √≥timo,2022-05-20T16:55:08Z,2022-05-20T16:55:08Z,0,none,True,False,,UCEfGV5hx2VrXl4jOUnG0MRQ
CI4KEiNlX0w,UgwzwGXj7eeBacCFtgZ4AaABAg,@ruisantos3133,https://yt3.ggpht.com/ytc/AIdro_kYwJXlUZ6lRmmF_9ixVKlX0jLheRvusBKqZhBqX6TaTZg=s48-c-k-c0x00ffffff-no-rj,http://www.youtube.com/@ruisantos3133,UC1Ap5NMUPW2tpqbhapeCbUQ,melhor coi,2022-05-19T09:30:00Z,2022-05-19T09:30:00Z,0,none,True,False,,UCEfGV5hx2VrXl4jOUnG0MRQ
CI4KEiNlX0w,UgxRbskyISh0n_SgSvB4AaABAg,@euclidesferreiramachadoneryan,https://yt3.ggpht.com/zgZxV9aHtsbqjcUoZQawtPbR6Z6RqAQQLXHO3ZCn7FonZ8KiBKddK0See3yHFJk6Gp68OSnP=s48-c-k-c0x00ffffff-no-rj,http://www.youtube.com/@euclidesferreiramachadoneryan,UCBOrd_hzErIE_-tjjeOa6Ow,Ser√° a melhor coisa j√° pensou se acha o diamantes e voc√™ t√° longe da sua casa ou da sua vila e se voc√™ achar esse neg√≥cio de √¥nibus se ele √© muito bom eu n√£o precisa andar perfeito fica com fome matar porco mata vacas fazer minha espada baixar nada neg√≥cio dela e ficar vermelho seria p√©ssimo mas se tivesse √¥nibus seria melhor utiliza√ß√£o do que os cara do Minecraft fez voc√™ √© a melhor coisa do mundo voc√™s colocassem isso colocasse no √¥nibus os cara do Minecraft fa√ßam isso no Minecraft eu quero ver agora agora na minha mesa eu quero ver quero ver o joguinho com isso,2022-05-18T00:24:33Z,2022-05-18T00:24:33Z,0,none,True,False,,UCEfGV5hx2VrXl4jOUnG0MRQ
CI4KEiNlX0w,Ugw5WwxP_Rbd5Ii8rgd4AaABAg,@esthercatherine6138,https://yt3.ggpht.com/sLXiSxQ2qJ6pLW-2_QbS-C5uQUsLmw9FtuGth101g9BfvKLvcYPIiNaKHSdVGB-cADa1wkEQ=s48-c-k-c0x00ffffff-no-rj,http://www.youtube.com/@esthercatherine6138,UCnupnV_NrlhNx3nCaJWy1gw,√â isso a√≠ √© verdade devia existir ia d√° muito bom,2022-05-15T01:33:44Z,2022-05-15T01:33:44Z,0,none,True,False,,UCEfGV5hx2VrXl4jOUnG0MRQ
CI4KEiNlX0w,UgwD4m848530_2pnztl4AaABAg,@ivomarpiresdemorais7800,https://yt3.ggpht.com/ytc/AIdro_ngIMlirWw1eEdyXnSD2HjV1JCQJFgOOQnQT0dzOp6dzalDb4MvxXxuXMw-KT5R6ckjgQ=s48-c-k-c0x00ffffff-no-rj,http://www.youtube.com/@ivomarpiresdemorais7800,UCIYoJGtxbxYz4g92eh9lC_g,oigeleia,2022-05-14T21:01:05Z,2022-05-14T21:01:05Z,1,none,True,False,,UCEfGV5hx2VrXl4jOUnG0MRQ
CI4KEiNlX0w,UgxYcWkhIPea35fZYnp4AaABAg,@rnzin5043,https://yt3.ggpht.com/sheztkPlKip3Uzt0M3GV7JpcSb3x39xtF8JdgqkCME49ugEqTXwRZ-69tMdmofalX6CjgVAC3NI=s48-c-k-c0x00ffffff-no-rj,http://www.youtube.com/@rnzin5043,UCCii9rMIFXNuSozcOEeKZmA,Oi,2022-05-14T19:57:03Z,2022-05-14T19:57:03Z,1,none,True,False,,UCEfGV5hx2VrXl4jOUnG0MRQ
CI4KEiNlX0w,Ugx0Ny5d3fkExc9c-TF4AaABAg,@saraharah1,https://yt3.ggpht.com/7Ai93zhYaHHHupz5XPYrsX_HnN6H9eDkJQQurl49FbKsSa7EhZXhTWGait1s1a-hn_rsQiXaOA=s48-c-k-c0x00ffffff-no-rj,http://www.youtube.com/@saraharah1,UC7OJoM4RktrUgAcZBRGazNg,"Nah nada a ver, tu vai no posto de √¥nibus fica uma, duas, tr√™s horas s√≥ esperando o tal do √¥nibus.",2022-05-14T01:24:22Z,2022-05-14T01:24:22Z,0,none,True,False,,UCEfGV5hx2VrXl4jOUnG0MRQ
CI4KEiNlX0w,Ugw19Iku3i3xu6a16bt4AaABAg,@Emily.Souza.Oficial,https://yt3.ggpht.com/J3jPR8nIweJ8DP9YalFUwrGPL8Td_TIan1OH_z8PvGlQdV15rO04WkpHsciKNtpEW42KTiXCQA=s48-c-k-c0x00ffffff-no-rj,http://www.youtube.com/@Emily.Souza.Oficial,UCgtbQmoiLRI4M9b1nSY8Jpg,Vdd,2022-05-12T13:45:31Z,2022-05-12T13:45:31Z,0,none,True,False,,UCEfGV5hx2VrXl4jOUnG0MRQ
CI4KEiNlX0w,UgxHZwkq_nzBlnAF42l4AaABAg,@danielpanda174,https://yt3.ggpht.com/oGVX1IQLdM3tOc3GAmw4AF-GEhY_5z3vJq0FehaDbq5OfTgOt1qdE2Nx0yMVQ4yWmj-Jy7aBuA=s48-c-k-c0x00ffffff-no-rj,http://www.youtube.com/@danielpanda174,UC4tbQZXp-pnBtzdp2PTLkTA,geleia joga stumble guys por favor,2022-05-12T02:39:44Z,2022-05-12T02:39:44Z,0,none,True,False,,UCEfGV5hx2VrXl4jOUnG0MRQ
CI4KEiNlX0w,UgxHZwkq_nzBlnAF42l4AaABAg.9aulTjj7LH69b3fMg7nsmk,@monstroaleatorioespeciejok9059,https://yt3.ggpht.com/40ZZ8LZrNngaZertrKne9UcNgq_xQf5ILATvgNeIMTXTF-CO6o-narqFvjaFs6037R3RinD3Jw=s48-c-k-c0x00ffffff-no-rj,http://www.youtube.com/@monstroaleatorioespeciejok9059,UCwGZZbJX8-6gAkpmoh169Pg,"Seria uma bela ideia s√≥ pq t√° no hiper e s√≥ tamb√©m eu  iria  parar de ver ele pq odeio esse jogo tem uns maldito de soco rasteira etc,um jogo bem p2w e langando e bugado ao mesmo tempo precisa melhorar.",2022-05-15T22:58:44Z,2022-05-15T22:58:44Z,0,none,True,True,UgxHZwkq_nzBlnAF42l4AaABAg,UCEfGV5hx2VrXl4jOUnG0MRQ
CI4KEiNlX0w,UgwSwaWgaVq_NYBc_Ep4AaABAg,@caramelodasgalaxias7667,https://yt3.ggpht.com/ue-pevbEQRE_oKPGtmLzzzCGURV36Se-i4xKGDf8gKbaqF8MMGPcGC1FXpWHfnC9F0fcUaOKN_Q=s48-c-k-c0x00ffffff-no-rj,http://www.youtube.com/@caramelodasgalaxias7667,UCGrey8cF8cRk5IHQ2bnOduQ,Geleia voc√™ esqueceu de uma coisa a armadura pra cachorro,2022-05-11T21:15:55Z,2022-05-11T21:15:55Z,0,none,True,False,,UCEfGV5hx2VrXl4jOUnG0MRQ
CI4KEiNlX0w,UgylDded6Qu-3HwvuT94AaABAg,@Tinho-tl9iz,https://yt3.ggpht.com/_ZhM_56xLTenqnvyJdMPxkjDcF-vIEusMcOhLtycempDwrRTBjPN9iEZU6CUYFupMtdB9iUA7Q=s48-c-k-c0x00ffffff-no-rj,http://www.youtube.com/@Tinho-tl9iz,UCtjyXASszjkIdeucWI66gTg,E ovo frito,2022-05-11T05:54:01Z,2022-05-11T05:54:01Z,0,none,True,False,,UCEfGV5hx2VrXl4jOUnG0MRQ
CI4KEiNlX0w,UgxfzSvcIqeg8qNAbcp4AaABAg,@patriciabazzi9974,https://yt3.ggpht.com/ytc/AIdro_kvbtTnSib7sZ8unyXGBaXdCu1QEHUOmM0J_vmGOMefsdIjo3XP0JRi_xplBMKba99Xow=s48-c-k-c0x00ffffff-no-rj,http://www.youtube.com/@patriciabazzi9974,UCHbMcl2T1PQGPTMUbtd7gKQ,SOU F√É DO GEL√âIA,2022-05-10T23:00:26Z,2022-05-10T23:00:26Z,0,none,True,False,,UCEfGV5hx2VrXl4jOUnG0MRQ
CI4KEiNlX0w,UgwlXEG8J6IKNEKBESl4AaABAg,@janaisenascimento4292,https://yt3.ggpht.com/ytc/AIdro_nQWtDjnkGaIYmOsk65bxLAmt6sDD9KGCnr9j4CzKha7Ht707dqW4PbsI-coFFXsWHIFA=s48-c-k-c0x00ffffff-no-rj,http://www.youtube.com/@janaisenascimento4292,UCsSUaTCNBcGti7LpXkMUukg,üëèüëèüëèüíïüå∑üå∑üôã,2022-05-08T22:49:04Z,2022-05-08T22:49:04Z,0,none,True,False,,UCEfGV5hx2VrXl4jOUnG0MRQ
CI4KEiNlX0w,Ugxr90jiC2gATmN8hwZ4AaABAg,@Htttps_Oreoh,https://yt3.ggpht.com/y-z40k4WKjDzcWtuy25lIQeARFu1tPyIis2elN-s9Ym9mYDE_jA2ES_j0rb7q7n2VKur3CTp9g=s48-c-k-c0x00ffffff-no-rj,http://www.youtube.com/@Htttps_Oreoh,UCXLRFpxwt4vvD0BKSVCVr_A,√â mesmo kksksks,2022-05-08T01:14:07Z,2022-05-08T01:14:07Z,0,none,True,False,,UCEfGV5hx2VrXl4jOUnG0MRQ
CI4KEiNlX0w,Ugy3LRaYr0i6j5u9fal4AaABAg,@brunafontes3623,https://yt3.ggpht.com/ytc/AIdro_k_y46DokscY9CdMMihVoss-LRFAcEMzeOCt094LRiumg=s48-c-k-c0x00ffffff-no-rj,http://www.youtube.com/@brunafontes3623,UCEv0qqrm5UtNPx9z36wUCuQ,Kkkkkkkk muito bom e bem . Amaria isso no minecraft,2022-05-07T16:35:12Z,2022-05-07T16:35:12Z,0,none,True,False,,UCEfGV5hx2VrXl4jOUnG0MRQ
CI4KEiNlX0w,UgyspOZfM93H_RIYmPV4AaABAg,@djleonoriginalsh,https://yt3.ggpht.com/CtH_StQT_kpOA0RmZNhgsAlSPOpV_CFCOLCfNzW8uu0bz2-KCiiZCVud0O5tIEOHXL2b8_cb7g=s48-c-k-c0x00ffffff-no-rj,http://www.youtube.com/@djleonoriginalsh,UC-RneK9cCudu7oN0fvdDR8g,KKKK üòÇü§£ü§£ü§£,2022-05-07T10:24:40Z,2022-05-07T10:24:40Z,0,none,True,False,,UCEfGV5hx2VrXl4jOUnG0MRQ
CI4KEiNlX0w,UgzAacHyCeh78IpIp1N4AaABAg,@kauendryacruz5658,https://yt3.ggpht.com/ytc/AIdro_k72kUK-NdEdKfvEjJEUjhKu5jOpxP8mcXuVAfdnchHTvhLLwVeyihENTDtYpKNM5EVmA=s48-c-k-c0x00ffffff-no-rj,http://www.youtube.com/@kauendryacruz5658,UCYDz8N9kFqdxeedFCI8LrPQ,Siiaos,2022-05-06T21:45:16Z,2022-05-06T21:45:16Z,0,none,True,False,,UCEfGV5hx2VrXl4jOUnG0MRQ
CI4KEiNlX0w,UgxF1ESYsXj-PylfzZl4AaABAg,@marinezsantos781,https://yt3.ggpht.com/ytc/AIdro_lnrFSIrO-9O5CQFHVzJ7ewDDU9yslRgk4ml7smwcQ=s48-c-k-c0x00ffffff-no-rj,http://www.youtube.com/@marinezsantos781,UC6eXwEqTD4YqQBicXTeYZRw,Verdades e verdades,2022-05-06T10:42:11Z,2022-05-06T10:42:11Z,0,none,True,False,,UCEfGV5hx2VrXl4jOUnG0MRQ
CI4KEiNlX0w,UgwHjghpv30KT0iMrNh4AaABAg,@user-vw3yq7iz6h,https://yt3.ggpht.com/wNuFQYODM06Z3mK_6UMstMF4IoIL2618fs3GKVzO_TB2PdSdqjwsk_0sfhRhf05pm7HvSP_90Q=s48-c-k-c0x00ffffff-no-rj,http://www.youtube.com/@user-vw3yq7iz6h,UCfaPAYL7nRlQ0BxJQQWqCKA,'-'.,2022-05-06T00:35:22Z,2022-05-06T00:35:22Z,0,none,True,False,,UCEfGV5hx2VrXl4jOUnG0MRQ
CI4KEiNlX0w,UgyedGf8FudA_NQgpMh4AaABAg,@_Lszinnff,https://yt3.ggpht.com/HMvyTAWlERE_VdeYuZq4Czo2X6MpKfUHCKMC8f20C2_Mt4eOn_sx11tQdYFLPdlQL89Kpl36kAw=s48-c-k-c0x00ffffff-no-rj,http://www.youtube.com/@_Lszinnff,UCy83gfzn-uCfoiO8ffF_NKg,üòéüëç,2022-05-04T12:35:51Z,2022-05-04T12:35:51Z,0,none,True,False,,UCEfGV5hx2VrXl4jOUnG0MRQ
CI4KEiNlX0w,UgzqcpPWwTAeAxBrTVF4AaABAg,@Juanz.123,https://yt3.ggpht.com/WwwPVnipHbPAj9qL73Ypvjv0VxTqmcip8ryNkfXGApZHJc1D9yA9YfhGv7vHPdm3ttTkcbx6=s48-c-k-c0x00ffffff-no-rj,http://www.youtube.com/@Juanz.123,UCU_weyK9vzrEP_6dLF0uUkw,Qual o nome da m√∫sica de fundo?,2022-05-04T03:10:00Z,2022-05-04T03:10:00Z,0,none,True,False,,UCEfGV5hx2VrXl4jOUnG0MRQ
CI4KEiNlX0w,UgxKAiaDrDGohSX_dhl4AaABAg,@moonakill5811,https://yt3.ggpht.com/a7DHFRvWNSR7vUXL_b3KUkHAJNI0UZE5T0K-m6IedVim9Eb-41Pb1Z6i2pvK-DsKBvNC4FC4Kg=s48-c-k-c0x00ffffff-no-rj,http://www.youtube.com/@moonakill5811,UCqOe4arrAj-riZH_v68inqA,Amei o v√≠deo e concordo com vc,2022-05-04T01:18:38Z,2022-05-04T01:18:38Z,0,none,True,False,,UCEfGV5hx2VrXl4jOUnG0MRQ
CI4KEiNlX0w,Ugx0lX14Fu1sVG7oRUR4AaABAg,@isaquearaujo1018,https://yt3.ggpht.com/x89ZvvihmCBvrTKThQUf4B9XzEwtGl0BbP5hmr4DApP3drPdfToDQogCAeqC9bIoMeUs32AhYps=s48-c-k-c0x00ffffff-no-rj,http://www.youtube.com/@isaquearaujo1018,UCK4VS8Yr_LEi_cMaCXRRrlA,ùêæùëòùë†ùëòùë†ùëòùë†ùëòùë†,2022-05-03T23:38:01Z,2022-05-03T23:38:01Z,0,none,True,False,,UCEfGV5hx2VrXl4jOUnG0MRQ
CI4KEiNlX0w,UgyJJbij_KGCTPVY6514AaABAg,@jlgamescf4797,https://yt3.ggpht.com/AMZLz3KR74GvoeWsSWRgqx1w0NCezvEjaInVLGU_xksjV6VH8ydoGGggvFm0MetGXcRxoZFPVg=s48-c-k-c0x00ffffff-no-rj,http://www.youtube.com/@jlgamescf4797,UCy7NTVkCYgTfYqMU_xEAQoA,üòóüòóüòóüòóüòóüòóüòó,2022-05-03T21:43:51Z,2022-05-03T21:43:51Z,1,none,True,False,,UCEfGV5hx2VrXl4jOUnG0MRQ
CI4KEiNlX0w,UgyIq5NjXbfLVqqmQZh4AaABAg,@adriellyfarias3122,https://yt3.ggpht.com/ytc/AIdro_njMp9P5pDrqRaj4oHRodXslSma01EB2tIA4mBbGR7rDJoi92M1smujcI3N84wSKYdkGA=s48-c-k-c0x00ffffff-no-rj,http://www.youtube.com/@adriellyfarias3122,UC8gbHtWEcTopWrtWZOjGx8g,Kkkkkkkk,2022-05-03T16:08:10Z,2022-05-03T16:08:10Z,0,none,True,False,,UCEfGV5hx2VrXl4jOUnG0MRQ
CI4KEiNlX0w,UgxK9igqpVcRyUbYSuh4AaABAg,@titolobinho,https://yt3.ggpht.com/4Cjq9fA1V3tv5L0cexn0yARAcAqD22Q-kGmeo7kvggb1iZ64D7b5wcNyqZ5cbtWu7TjAxs9CNg=s48-c-k-c0x00ffffff-no-rj,http://www.youtube.com/@titolobinho,UCg2uri_KCOVcg-_QhJaGy0w,Nether,2022-05-03T03:57:06Z,2022-05-03T03:57:06Z,0,none,True,False,,UCEfGV5hx2VrXl4jOUnG0MRQ
CI4KEiNlX0w,Ugxkw8u2WpMfGXYV8-l4AaABAg,@titolobinho,https://yt3.ggpht.com/4Cjq9fA1V3tv5L0cexn0yARAcAqD22Q-kGmeo7kvggb1iZ64D7b5wcNyqZ5cbtWu7TjAxs9CNg=s48-c-k-c0x00ffffff-no-rj,http://www.youtube.com/@titolobinho,UCg2uri_KCOVcg-_QhJaGy0w,"E eu minero dias, no mundo normal e no Jeter, tenho at√© uma armadura de nederitha encantada, √¥nibus no Nether s√≥ se for √¥nibus de fogo, eu at√© levaria minha po√ß√£o de resist√™ncia ao fogo, sabe? E grava v√≠deos de ca√ßadores vezes speedruneer, eu j√° vi todos e amei, voc√™ √© o meu youtuber preferido, Geleia üòÄüòÄüòÄüòÄ",2022-05-03T03:56:52Z,2022-05-03T03:56:52Z,0,none,True,False,,UCEfGV5hx2VrXl4jOUnG0MRQ
CI4KEiNlX0w,UgyoZmYkdGnTOg4Xc2N4AaABAg,@titolobinho,https://yt3.ggpht.com/4Cjq9fA1V3tv5L0cexn0yARAcAqD22Q-kGmeo7kvggb1iZ64D7b5wcNyqZ5cbtWu7TjAxs9CNg=s48-c-k-c0x00ffffff-no-rj,http://www.youtube.com/@titolobinho,UCg2uri_KCOVcg-_QhJaGy0w,"Deveria existir no Minecraft cidades, existem as vilas mas elas n√£o s√£o assim t√£o, boas sabe? Nessa cidade tamb√©m teria carros, motos, at√© o √¥nibus, eu moro em Manaus, na rua Rio J√∫tai no Van Goog, no quinto andar no n√∫mero 502",2022-05-03T03:51:10Z,2022-05-03T03:51:10Z,1,none,True,False,,UCEfGV5hx2VrXl4jOUnG0MRQ
CI4KEiNlX0w,UgxgEvQ3XRmURvgpFLl4AaABAg,@gabrielzada7769,https://yt3.ggpht.com/U70PBUEC0ChgN5pe5smumbP3VXCXzXfkWBR52lvodku2mqaJSzsf0PHu2MPyaS8_psuQNUemIQ=s48-c-k-c0x00ffffff-no-rj,http://www.youtube.com/@gabrielzada7769,UCJumEitI1rw0cgwtfDY4A0Q,4 noite cad√™ o phantom,2022-05-03T02:14:11Z,2022-05-03T02:14:11Z,0,none,True,False,,UCEfGV5hx2VrXl4jOUnG0MRQ
CI4KEiNlX0w,Ugwv7Uk4VC3KK_MKJll4AaABAg,@MIGUEL99845,https://yt3.ggpht.com/42qCTEIBov0CWloLQC3wa3aAjlMqZM-hRfrbkC50QCNCyK9wpQEh51Y5sxarkrS2O9EVaB8A0w=s48-c-k-c0x00ffffff-no-rj,http://www.youtube.com/@MIGUEL99845,UCJAOq3Nq-dD1war6qO0iqtA,Vamos protestar kkkkkk,2022-05-02T23:10:27Z,2022-05-02T23:10:27Z,1,none,True,False,,UCEfGV5hx2VrXl4jOUnG0MRQ
CI4KEiNlX0w,Ugy83AqRBdqjpBDgYzl4AaABAg,@MIGUEL99845,https://yt3.ggpht.com/42qCTEIBov0CWloLQC3wa3aAjlMqZM-hRfrbkC50QCNCyK9wpQEh51Y5sxarkrS2O9EVaB8A0w=s48-c-k-c0x00ffffff-no-rj,http://www.youtube.com/@MIGUEL99845,UCJAOq3Nq-dD1war6qO0iqtA,Vdd,2022-05-02T23:10:07Z,2022-05-02T23:10:07Z,1,none,True,False,,UCEfGV5hx2VrXl4jOUnG0MRQ
CI4KEiNlX0w,UgwuM6k_m0f0Vqm6-zd4AaABAg,@JOKERofc12,https://yt3.ggpht.com/YwABKvj94qHrDEMj7xL3v45Q5R6xeRS8NTZ2FL-xyLXeGA_6s8i0RoXhDk-cLs15PzRHlUXI=s48-c-k-c0x00ffffff-no-rj,http://www.youtube.com/@JOKERofc12,UCAwZjcnGFZ_1VnSkZ5QjijA,Geleia vc sabe que tem √¥nibus no manicraft ne? √â a lava kkkkkk,2022-05-02T19:37:38Z,2022-05-02T19:37:38Z,1,none,True,False,,UCEfGV5hx2VrXl4jOUnG0MRQ
CI4KEiNlX0w,Ugzj5xxIFae_y4NkuUV4AaABAg,@otavioluiz2026,https://yt3.ggpht.com/8HX9TZA9O5gpQ_etzx-TrjsoDsWCz9EReLFyOEOLTmfUiqGPAR4JawaEwyS3SsiTHPTmm7yg_zA=s48-c-k-c0x00ffffff-no-rj,http://www.youtube.com/@otavioluiz2026,UCJhHA63Ap2Defp40kNxS1-Q,Zim,2022-05-02T19:13:49Z,2022-05-02T19:13:49Z,0,none,True,False,,UCEfGV5hx2VrXl4jOUnG0MRQ
CI4KEiNlX0w,UgwHtyw3-rqTc90O0yZ4AaABAg,@Gabriel_branco1,https://yt3.ggpht.com/8Xx25bpURa3YpLFMh8u_k3jq2BZzqyZFSACMy_Nb4FK08qu5ENGDzl5-Y3YqBRHVp6tpnjcZ=s48-c-k-c0x00ffffff-no-rj,http://www.youtube.com/@Gabriel_branco1,UC4l2HcS5x30sx434OTwKNyQ,Mano tem nem carro imagina onibus,2022-05-02T16:40:01Z,2022-05-02T16:40:01Z,0,none,True,False,,UCEfGV5hx2VrXl4jOUnG0MRQ
CI4KEiNlX0w,UgxUULw4pzTK9H7CQZB4AaABAg,@carlagames4592,https://yt3.ggpht.com/DluRI_MPFW1vDG_o3A_cUUHqa1lqbnlgt1R_a9DzLvft5MbHM3dLzzqZJDsPjffvBWARNWJb01A=s48-c-k-c0x00ffffff-no-rj,http://www.youtube.com/@carlagames4592,UCEPzhkI40DL0ThQUEwcEfKg,Geleia virou comediante de Minecraft agora,2022-05-02T13:28:54Z,2022-05-02T13:28:54Z,0,none,True,False,,UCEfGV5hx2VrXl4jOUnG0MRQ
CI4KEiNlX0w,UgxlJeHWPX_d3_-dYd14AaABAg,@juanfernando9501,https://yt3.ggpht.com/ytc/AIdro_mhYMd8eRIZw_raiPQ_0axWm9uyydiERTzQTiAUmcLwaXTp-LIqnfZZsPeFGM2BjEvxXw=s48-c-k-c0x00ffffff-no-rj,http://www.youtube.com/@juanfernando9501,UCw5OBhyRkcnoe2cWaUn5IXA,Verdades,2022-05-01T18:53:47Z,2022-05-01T18:53:47Z,0,none,True,False,,UCEfGV5hx2VrXl4jOUnG0MRQ
CI4KEiNlX0w,Ugxk25x8-xhJ3Ab1rQB4AaABAg,@alinepeixotomacielymkl4199,https://yt3.ggpht.com/ytc/AIdro_l3uMlz1hcacb8lGEa4QqKueNhP_atl-w8aPAeTbBu-KHw=s48-c-k-c0x00ffffff-no-rj,http://www.youtube.com/@alinepeixotomacielymkl4199,UCAHAd71h5nABPbIvR1-JcFQ,"EU
ADOREI",2022-05-01T14:19:27Z,2022-05-01T14:19:27Z,0,none,True,False,,UCEfGV5hx2VrXl4jOUnG0MRQ
CI4KEiNlX0w,UgzykoDIOzkW2rif92N4AaABAg,@Star-zq4zj,https://yt3.ggpht.com/KxRSNfCGthfnPmImv9I1IRhzRhofllk8wHX3_brMzcIid4Vx9jqRMsbOvwsYky0OS2r3UpT0G_o=s48-c-k-c0x00ffffff-no-rj,http://www.youtube.com/@Star-zq4zj,UC0tUTmwW0JR786SoEF-U1QQ,üòÑüå∫,2022-05-01T13:37:06Z,2022-05-01T13:37:06Z,0,none,True,False,,UCEfGV5hx2VrXl4jOUnG0MRQ
CI4KEiNlX0w,Ugzn467a-mkvJcYXfNp4AaABAg,@felipemagela7504,https://yt3.ggpht.com/ytc/AIdro_kLb8DHrpl9frQ-CEfbcVsPDQacJ5Cv4_3O_KDJYPyPrw=s48-c-k-c0x00ffffff-no-rj,http://www.youtube.com/@felipemagela7504,UCISa30iIznLFEErucnm8sNw,Oi,2022-04-30T21:00:31Z,2022-04-30T21:00:31Z,0,none,True,False,,UCEfGV5hx2VrXl4jOUnG0MRQ
CI4KEiNlX0w,UgzoTR-PuDyN6o1FeWp4AaABAg,@marinetegoncalves8838,https://yt3.ggpht.com/ytc/AIdro_m5evfCF_YxC_lDCZai6PdDPi8RLB_PVhrL3a1ARTLFBM2x9-KClsWFWW2FfUzwIrVBkQ=s48-c-k-c0x00ffffff-no-rj,http://www.youtube.com/@marinetegoncalves8838,UCNrIpGpBCKlYBRrFBC_fK8w,Geleia grava Five Nights por favor quem concorda da um like,2022-04-30T16:09:17Z,2022-04-30T16:09:17Z,0,none,True,False,,UCEfGV5hx2VrXl4jOUnG0MRQ
CI4KEiNlX0w,Ugz1WBcixld88EGs5hB4AaABAg,@aguinaldodesouzapedro4458,https://yt3.ggpht.com/ytc/AIdro_lO1bg78qyz0HR_ZIH8s5qeSfzYr9fVSd1DukOaqgMnQ42rwYpPYWufcdbL9Z9Zby0O7g=s48-c-k-c0x00ffffff-no-rj,http://www.youtube.com/@aguinaldodesouzapedro4458,UCQA8EnZSzRJmL7RjqqtIkow,Geleia faz uma rima com nome Lorenzo,2022-04-30T14:26:14Z,2022-04-30T14:26:14Z,1,none,True,False,,UCEfGV5hx2VrXl4jOUnG0MRQ
CI4KEiNlX0w,UgxsRavFx8n6Ds7CV4B4AaABAg,@reilycristinaduarte3864,https://yt3.ggpht.com/ytc/AIdro_ka-eZDww455l4hzFfcvrPSwg38d-F34EIp3dh4Tsg=s48-c-k-c0x00ffffff-no-rj,http://www.youtube.com/@reilycristinaduarte3864,UC-SKaXaOm0gAfEIRXTamzbQ,Boa,2022-04-30T01:18:34Z,2022-04-30T01:18:34Z,0,none,True,False,,UCEfGV5hx2VrXl4jOUnG0MRQ
CI4KEiNlX0w,Ugw0udBhKaf2BAsqn3F4AaABAg,@roseanefeitosa1747,https://yt3.ggpht.com/ytc/AIdro_nPwHAEqdXHIukNuFBFGnizbCfdGd8vUNKms8qAZpk=s48-c-k-c0x00ffffff-no-rj,http://www.youtube.com/@roseanefeitosa1747,UCrCoLWfVbq4DQqcMCr-9iJw,J√° me perdi da minha casa s√≥ que que achei ela dois anos depois claramente no Minecraft üíüüíüüíü,2022-04-30T00:28:06Z,2022-04-30T00:28:06Z,0,none,True,False,,UCEfGV5hx2VrXl4jOUnG0MRQ
CI4KEiNlX0w,UgzdoHBdyII0KxOt1Fh4AaABAg,@diferent_ofc,https://yt3.ggpht.com/yRRNw1WAoQBso2ICF44ZaA40Y1fR-5mBpOALYYrEPGorYpZQxkkC8cXncK995EbsLNa2BDBqSg=s48-c-k-c0x00ffffff-no-rj,http://www.youtube.com/@diferent_ofc,UCjjzi0Uy5rAD0cyLd2PVrnA,E vdd eu j√° passei 4 dias minerando üòÇ s√≥ parei quando encontrei  50 diamantes üòÉ mais valeu a pena,2022-04-29T22:43:26Z,2022-04-29T22:43:26Z,0,none,True,False,,UCEfGV5hx2VrXl4jOUnG0MRQ
CI4KEiNlX0w,UgzwWz-8-NidtSXj_QN4AaABAg,@mauriciotaborda9445,https://yt3.ggpht.com/St7s8r7_cJ3_xjH3qw9eQRztMerrg7P3kUxUbjIh_VGEMtIn3nhdRSoW5WxdCR0K6EwKsQ02ow=s48-c-k-c0x00ffffff-no-rj,http://www.youtube.com/@mauriciotaborda9445,UCIkBwF7v7CUQfmsYshP3WlA,MANO ELE DIVIA FAZER STANDAP,2022-04-29T21:50:23Z,2022-04-29T21:50:23Z,1,none,True,False,,UCEfGV5hx2VrXl4jOUnG0MRQ
CI4KEiNlX0w,UgyWHBdn5aQvNVzEn8J4AaABAg,@Eleven_64,https://yt3.ggpht.com/HYH4vSNgDPQBVVCltHd34RSyys_qdbaBZiZVj5fVtEzMWju0LeEn8DwzSS-C4KZdg95ZNCMi=s48-c-k-c0x00ffffff-no-rj,http://www.youtube.com/@Eleven_64,UCjlc4gVPzZBLIzgE36YquTQ,Vdd faz sentido,2022-04-29T20:50:41Z,2022-04-29T20:50:41Z,0,none,True,False,,UCEfGV5hx2VrXl4jOUnG0MRQ
CI4KEiNlX0w,UgyAvnWeQg2Mb9F0lZp4AaABAg,@nathannaofazsentido7203,https://yt3.ggpht.com/QsbbCvi9sWT7B6YnsN6hCe_Q9J5WiNr9WpZ23YxA46OMMuDFc2l4jFXywcW08A6yLimdVbIOSCo=s48-c-k-c0x00ffffff-no-rj,http://www.youtube.com/@nathannaofazsentido7203,UCIACt-uGGQf5VoQRf8xlYuQ,Geleia √© biscoito √© bolacha,2022-04-29T17:43:43Z,2022-04-29T17:43:43Z,0,none,True,False,,UCEfGV5hx2VrXl4jOUnG0MRQ
CI4KEiNlX0w,Ugxy3llpoUExLuSfFL94AaABAg,@huggoggoncalves,https://yt3.ggpht.com/mmjdxuEwtjcABd8ru80weBCtAJEIjBqt-KxWvwvtW-WkWa6Fy2Es23RLlV0V7jqKb6_Famipfw=s48-c-k-c0x00ffffff-no-rj,http://www.youtube.com/@huggoggoncalves,UCeQD3Z73r7MTMmTW8AKlmHg,Eu quero o portal do ceu,2022-04-29T15:57:14Z,2022-04-29T15:57:14Z,0,none,True,False,,UCEfGV5hx2VrXl4jOUnG0MRQ
CI4KEiNlX0w,Ugwl35FzbNMRMhemQux4AaABAg,@playraird6619,https://yt3.ggpht.com/3m0t61iw5EchttMHh9vt4kr7aHmpkdVADoDO7-_f9gknm-ndRAI-ViTIWLE7jVfnhivxR_jy=s48-c-k-c0x00ffffff-no-rj,http://www.youtube.com/@playraird6619,UCT7mfeDFuoJllKbYZdCAbUA,"R.I.P sr pedro, ele sempre estar√° nos nossos cora√ß√µes.üò¢ü•∫",2022-04-29T11:22:17Z,2022-04-29T11:22:17Z,1,none,True,False,,UCEfGV5hx2VrXl4jOUnG0MRQ
CI4KEiNlX0w,Ugwl35FzbNMRMhemQux4AaABAg.9aPDw_hiQGt9fRqfZmMXB5,@Larii938,https://yt3.ggpht.com/YWB_vgvbh4lgejgDsyEwtFZ-WXIBSam9l0WiUDPn5gaeTrC0s1AY9FBWaZqp721-g-jCr0x1=s48-c-k-c0x00ffffff-no-rj,http://www.youtube.com/@Larii938,UCLsYYyXEWQGaH4h5VgL0Idg,Mas ele √± morreu,2022-09-01T18:24:56Z,2022-09-01T18:24:56Z,0,none,True,True,Ugwl35FzbNMRMhemQux4AaABAg,UCEfGV5hx2VrXl4jOUnG0MRQ
CI4KEiNlX0w,Ugwml-VhIV4UgX-Xfrh4AaABAg,@happypancake2625,https://yt3.ggpht.com/gHIqUqYygc2q_03I7QMapVWqM56KyAHi5D1M6qF2HwL7ibr4DkQkttoj-unrluGibHfCP7ARgA=s48-c-k-c0x00ffffff-no-rj,http://www.youtube.com/@happypancake2625,UCLgIo_Pl3LFChLA6bWvbWfA,"Mas a√≠ chegaria um monte de mob
Creeper: Eu t√¥ estressado, melhor nem me ati√ßar!
Enderman: Eu posso teleportar, sabe? Eu t√¥ aqui por uma raz√£o, Steve‚Ä¶
Beb√™ zumbi: √â pega-pega? Ent√£o t√°, mas eu sou bem r√°pido!
S√≥ se tivesse um inseticida de mobs mesmo‚Ä¶",2022-04-29T09:04:55Z,2022-04-29T09:04:55Z,3,none,True,False,,UCEfGV5hx2VrXl4jOUnG0MRQ
CI4KEiNlX0w,Ugwml-VhIV4UgX-Xfrh4AaABAg.9aOzDT_XKFp9f-9lpr8tET,@Anya_2.0,https://yt3.ggpht.com/IdFVL1OngADvfE-62m_v6bnUFJEOcVWsZ3rEUW0QFOVkp40zCFCKiyVhM3PO-QDt9bhVkvI7=s48-c-k-c0x00ffffff-no-rj,http://www.youtube.com/@Anya_2.0,UCDTSuwm4mGVqvHmNpJW2tbA,VDD,2022-08-21T15:02:34Z,2022-08-21T15:02:34Z,0,none,True,True,Ugwml-VhIV4UgX-Xfrh4AaABAg,UCEfGV5hx2VrXl4jOUnG0MRQ
CI4KEiNlX0w,UgweS1cKOpmCWKzzpYx4AaABAg,@lucassryan3135,https://yt3.ggpht.com/bZ1II9xa3uoMopUoKn6Lp7ngkJD8T4dCZcS82fC7yuecO02DyES-2hVdHFKvd8GNz9DOMMPO=s48-c-k-c0x00ffffff-no-rj,http://www.youtube.com/@lucassryan3135,UCuGbcQIHCFNWHCvQ2qhjEfQ,devia ter √¥nibus metr√¥ carro helic√≥ptero Van e avi√£o no Minecraft,2022-04-29T02:56:00Z,2022-04-29T02:56:00Z,0,none,True,False,,UCEfGV5hx2VrXl4jOUnG0MRQ
CI4KEiNlX0w,Ugwuw6jbzijTiFnM_9R4AaABAg,@Canaldasprimas1110,https://yt3.ggpht.com/Ido0vCLvbyfQ9NylPk4rgjs2XW_EMI2kyeqiMi-qIuDoDSNTmPuAdcDocKuzeqHUzIbLPyyy=s48-c-k-c0x00ffffff-no-rj,http://www.youtube.com/@Canaldasprimas1110,UC-4YNx9vOo632x3o6CQOFaw,EU SOU SUA F√É,2022-04-29T02:02:33Z,2022-04-29T02:02:33Z,0,none,True,False,,UCEfGV5hx2VrXl4jOUnG0MRQ
CI4KEiNlX0w,Ugwuw6jbzijTiFnM_9R4AaABAg.9aODt3sEGUy9aOE2EcBV4h,@Canaldasprimas1110,https://yt3.ggpht.com/Ido0vCLvbyfQ9NylPk4rgjs2XW_EMI2kyeqiMi-qIuDoDSNTmPuAdcDocKuzeqHUzIbLPyyy=s48-c-k-c0x00ffffff-no-rj,http://www.youtube.com/@Canaldasprimas1110,UC-4YNx9vOo632x3o6CQOFaw,VOC√ä E O MEU PRIMEIRO YOUTUBER FAVORITO,2022-04-29T02:03:57Z,2022-04-29T02:03:57Z,0,none,True,True,Ugwuw6jbzijTiFnM_9R4AaABAg,UCEfGV5hx2VrXl4jOUnG0MRQ
CI4KEiNlX0w,UgxcC-msbPz4q3eOT0J4AaABAg,@light_go_gamer_,https://yt3.ggpht.com/HEbgdy3rofNoWQkZwENAOljZZcAHTW4ZXWja2PE74ACHy_TEHpgGbldxSi6NGoomOnLqFudDlx4=s48-c-k-c0x00ffffff-no-rj,http://www.youtube.com/@light_go_gamer_,UCj8G0K4PdcRiuA8Dqi4BJ4Q,"O que todos queriam que fosse adicionado...
√â cama pro cachorro para renascer
Armadura para cachorros
Colocar elytra na armadura 
Novas dimens√µes (1.20 tomara que tenha)",2022-04-29T01:49:21Z,2022-04-29T01:49:21Z,6,none,True,False,,UCEfGV5hx2VrXl4jOUnG0MRQ
CI4KEiNlX0w,Ugwgxngkca9i1xTIlNN4AaABAg,@walkemax3188,https://yt3.ggpht.com/GP1CBxLKnI5Zfs-_kIe5tCbhfhMMQDzc-hm16c_1CWlx8D_ZNWZJzbaw3HZOSIcEDA20BIiKrw=s48-c-k-c0x00ffffff-no-rj,http://www.youtube.com/@walkemax3188,UCNoSw3dm0Zu0iKO9VwAni5w,Essa √© a vers√£o do geleia de 2028 presidente,2022-04-29T01:04:11Z,2022-04-29T01:04:11Z,0,none,True,False,,UCEfGV5hx2VrXl4jOUnG0MRQ
CI4KEiNlX0w,Ugzy1y4Pr09PRSlVPJx4AaABAg,@ROBERTTGAMERPLAY,https://yt3.ggpht.com/08XYeh2svJtuzuEALy992O8xQIT9k9wlE5CTofGMLlKHPafh_rb2Rdui7lCTjHE_46GpFGNc7g=s48-c-k-c0x00ffffff-no-rj,http://www.youtube.com/@ROBERTTGAMERPLAY,UCSXpIQI6x2227LXjKIepbfw,Que jogar Minecraft comigo Adiciona meu nick a√≠: ROBERTTGAMER4,2022-04-29T00:47:25Z,2022-04-29T00:47:25Z,0,none,True,False,,UCEfGV5hx2VrXl4jOUnG0MRQ
CI4KEiNlX0w,UgxIVEMeyKxk8KEUCA94AaABAg,@bobgamer150,https://yt3.ggpht.com/CmVphhWzHkT85ukd7vfaH269rwJ2jM9Na24JGOdpGsOdOjx_f_yilDjU5R4O1lYMtbLbPGVfoGU=s48-c-k-c0x00ffffff-no-rj,http://www.youtube.com/@bobgamer150,UCQK5AisJbBdWTh_Q7jfdcSQ,Stand up do Geleia? Onde √©? Eu pagaria qualquer valor pra ver!,2022-04-29T00:33:33Z,2022-04-29T00:33:33Z,0,none,True,False,,UCEfGV5hx2VrXl4jOUnG0MRQ
CI4KEiNlX0w,UgzyVwHv6nvk10oEFnx4AaABAg,@Lobomaudogatodebotas,https://yt3.ggpht.com/PR1hhGYDjIiN475Fh3ddwuoChd6I5xcUhpZGN1DjcFC9CIKqBJ-UYdYV4OCxCsSOAIphFN53=s48-c-k-c0x00ffffff-no-rj,http://www.youtube.com/@Lobomaudogatodebotas,UCGOzLSTaQd1QXV9B9MXSiCg,S√©ria muito bom mesmo Kkkkkk,2022-04-28T23:46:59Z,2022-04-28T23:46:59Z,2,none,True,False,,UCEfGV5hx2VrXl4jOUnG0MRQ
CI4KEiNlX0w,Ugzwj_jY7Rck6P3JqRV4AaABAg,@rodrigogamesrodrigo7779,https://yt3.ggpht.com/ex5y-Crl4YxXA1dZRz8sXpxUav6IyFltAh9tP858XUYc0CnwVU_zhP0pBZHLw0oby3zKJeOxAg=s48-c-k-c0x00ffffff-no-rj,http://www.youtube.com/@rodrigogamesrodrigo7779,UCOqL8s3o5BSdooB6XtpDDBg,kkkkk,2022-04-28T23:16:19Z,2022-04-28T23:16:19Z,1,none,True,False,,UCEfGV5hx2VrXl4jOUnG0MRQ
CI4KEiNlX0w,UgyVBq9mVe-U83Cnx314AaABAg,@emillyhoyler1182,https://yt3.ggpht.com/ytc/AIdro_k9ovbNLMXAn7f2KvOGqFr6M3oBbnHiX7sUAvvvEA5NVlQ=s48-c-k-c0x00ffffff-no-rj,http://www.youtube.com/@emillyhoyler1182,UCUkySWh0Lv9cQOTpnhOk0dQ,Te amo geleia,2022-04-28T22:39:40Z,2022-04-28T22:39:40Z,0,none,True,False,,UCEfGV5hx2VrXl4jOUnG0MRQ
CI4KEiNlX0w,UgwkW9y7rdFcSmp9EAV4AaABAg,@Jonhggiz,https://yt3.ggpht.com/ytc/AIdro_kqOx9tvmH1_eaoM1cV07nElTnxdUmXG60QtKTAdRk-vvU=s48-c-k-c0x00ffffff-no-rj,http://www.youtube.com/@Jonhggiz,UClUVhlZrNs4twCwjLTHqrqg,stand-up Kakjsjas,2022-04-28T22:17:05Z,2022-04-28T22:17:05Z,0,none,True,False,,UCEfGV5hx2VrXl4jOUnG0MRQ
CI4KEiNlX0w,UgxNuLy9_QQkMbhqKih4AaABAg,@riangoncalves4723,https://yt3.ggpht.com/ytc/AIdro_kICLEWVz_Df11W9j2QDfrHNDDg1x_VaLwS8b0VSK2HbsRDCJlZlRWUA-jL7XAQ5mwfAg=s48-c-k-c0x00ffffff-no-rj,http://www.youtube.com/@riangoncalves4723,UCLPF4qm65EuFmWGNOSNHcsw,Ememesmo,2022-04-28T22:14:30Z,2022-04-28T22:14:30Z,2,none,True,False,,UCEfGV5hx2VrXl4jOUnG0MRQ
CI4KEiNlX0w,Ugwa71Gro-6LjxkXxcR4AaABAg,@Nick_game.,https://yt3.ggpht.com/dp4_4TZbCjMITsoLYIaPr7POgRAbFz05d8ZgqtvqEWk06uVgvgTrNswBT2cCGd9RzfISMktwzN4=s48-c-k-c0x00ffffff-no-rj,http://www.youtube.com/@Nick_game.,UCZ0qnug3Ga2t-NwW4RpE5mg,"Tem uma coisa tmbm existir rob√¥ pra trabalhar pra n√≥s. Clica aqui prfvr
üëá",2022-04-28T22:11:46Z,2022-04-28T22:11:46Z,1,none,True,False,,UCEfGV5hx2VrXl4jOUnG0MRQ
CI4KEiNlX0w,UgyyCNWypgmTn0tVVTN4AaABAg,@me1191,https://yt3.ggpht.com/c0RbHLdfmVI0kzU4pUCy4tIv-sG_9LunLancE0yaJqKEVL_SMMe-5mjDJBWQOLAXTeNxcHbD3w=s48-c-k-c0x00ffffff-no-rj,http://www.youtube.com/@me1191,UCBkKTjai9TFdRbUTg4bWM2w,Geleiao,2022-04-28T21:56:51Z,2022-04-28T21:56:51Z,0,none,True,False,,UCEfGV5hx2VrXl4jOUnG0MRQ
CI4KEiNlX0w,UgwSm8aeBVDIBEdssB94AaABAg,@alinemorais2582,https://yt3.ggpht.com/ixil5ZAcXxqf1XSXKTYznU_ivDvnSXhmM6Ffl_JJMHMQfGLD8tEUkIyN662A4iqrlhXXr0QqZQ=s48-c-k-c0x00ffffff-no-rj,http://www.youtube.com/@alinemorais2582,UC-P4puDvgvsmSgR_5EiXheA,Ele foi hackeado acreditem üò™üò™üò™,2022-04-28T21:52:32Z,2022-04-28T21:52:32Z,0,none,True,False,,UCEfGV5hx2VrXl4jOUnG0MRQ
CI4KEiNlX0w,Ugw52kqRtogwH9QPIJ94AaABAg,@alinemorais2582,https://yt3.ggpht.com/ixil5ZAcXxqf1XSXKTYznU_ivDvnSXhmM6Ffl_JJMHMQfGLD8tEUkIyN662A4iqrlhXXr0QqZQ=s48-c-k-c0x00ffffff-no-rj,http://www.youtube.com/@alinemorais2582,UC-P4puDvgvsmSgR_5EiXheA,O sr pedro foi kackeado ou morreu,2022-04-28T21:52:00Z,2022-04-28T21:52:00Z,0,none,True,False,,UCEfGV5hx2VrXl4jOUnG0MRQ
CI4KEiNlX0w,UgwyD1WaVlCx8SN2XnR4AaABAg,@G4m3rL0uc0,https://yt3.ggpht.com/hiEKC95dWZHbx96Amxu-aOb0EMI1vzqy_ZFItiY2z4MN90scuO0uq2I02jKAancaPIhWl4A6Lg=s48-c-k-c0x00ffffff-no-rj,http://www.youtube.com/@G4m3rL0uc0,UCWao3JDue7YlFiusByYF5zQ,"Sim faz mt sentido, principalmente nesse jogo medieval",2022-04-28T21:08:28Z,2022-04-28T21:08:28Z,0,none,True,False,,UCEfGV5hx2VrXl4jOUnG0MRQ
CI4KEiNlX0w,Ugyv0SmSXiEej4RUk4p4AaABAg,@SIRNORQ123,https://yt3.ggpht.com/ytc/AIdro_krCPbnrgBGDTrgYjbV-8ZRVW_Ke0knGiRNeMGV2J6f3t4=s48-c-k-c0x00ffffff-no-rj,http://www.youtube.com/@SIRNORQ123,UCIQyjGsOwtsjRdCwIKKa7Pg,atumalakaü§£ü§£,2022-04-28T21:05:02Z,2022-04-28T21:05:02Z,0,none,True,False,,UCEfGV5hx2VrXl4jOUnG0MRQ
CI4KEiNlX0w,UgxbLYPF_yJmmWnTiKd4AaABAg,@veramaciel3111,https://yt3.ggpht.com/ytc/AIdro_l1YYuBMHbP0WtVvVOv2bi5GrhPIyNhHgmS50zIz8A=s48-c-k-c0x00ffffff-no-rj,http://www.youtube.com/@veramaciel3111,UCwRszldOpKa39e62JiQP1Gg,üëçüëç,2022-04-28T20:50:01Z,2022-04-28T20:50:01Z,0,none,True,False,,UCEfGV5hx2VrXl4jOUnG0MRQ
CI4KEiNlX0w,Ugxqxzah3EUUdD6mg294AaABAg,@diegosilva9406,https://yt3.ggpht.com/ytc/AIdro_mrjO9OGCV3s4KL5FAO-JkZCuMMdHk-I8doHCLmp6C9osfz_JqGDDAT1lwVBwdRzZ35_w=s48-c-k-c0x00ffffff-no-rj,http://www.youtube.com/@diegosilva9406,UC-C0DqRttSVMzWOxuGQO0iw,Cara vi o pac e o Resende,2022-04-28T20:24:12Z,2022-04-28T20:24:12Z,0,none,True,False,,UCEfGV5hx2VrXl4jOUnG0MRQ
CI4KEiNlX0w,UgxyC1QLN9z9Ry1wQUN4AaABAg,@isadoramorenodossantos8442,https://yt3.ggpht.com/ytc/AIdro_m4-MvoqLHQ7LK8pHVCt2SjSxzjNk0qye51bnMpWc2N_ew3=s48-c-k-c0x00ffffff-no-rj,http://www.youtube.com/@isadoramorenodossantos8442,UCPA15qatiMhr8j1NEC7vS7g,üëèüëèüëèüëèüëèüëèüëèüëèüëèüëèüëèüëèpalmas palmas kkk,2022-04-28T19:43:47Z,2022-04-28T19:43:47Z,1,none,True,False,,UCEfGV5hx2VrXl4jOUnG0MRQ
CI4KEiNlX0w,UgyTR_NFiBltMAO6IvN4AaABAg,@spike3477,https://yt3.ggpht.com/GqR4QqZ2ISXhREcyhx8NKzFY9J6HyKOinuE9Ue8vbouugZAFqIo0u2Qbg2kjE-XGqJw-jbK94A=s48-c-k-c0x00ffffff-no-rj,http://www.youtube.com/@spike3477,UCZ6j7PtGel4xWOmQQkUt2lQ,Oo,2022-04-28T19:24:49Z,2022-04-28T19:24:49Z,0,none,True,False,,UCEfGV5hx2VrXl4jOUnG0MRQ
CI4KEiNlX0w,UgyiopSesm2z961Ats14AaABAg,@fantoche5974,https://yt3.ggpht.com/ytc/AIdro_k8IlasOCpDHPuMakTz2ddvsr4ctJMQQ_334XYbqcmz2Q=s48-c-k-c0x00ffffff-no-rj,http://www.youtube.com/@fantoche5974,UCInL8w58gngIAiorOk3KfVQ,Podia ser easter egg. Tem um que quase ningu√©m conhece,2022-04-28T19:17:09Z,2022-04-28T19:17:09Z,0,none,True,False,,UCEfGV5hx2VrXl4jOUnG0MRQ
CI4KEiNlX0w,UgzW3pYVBND4KXgoi2F4AaABAg,@malucodosmalucos444,https://yt3.ggpht.com/RNb3eqSacuxrTVU38poQXCIcbAoLZphC0tVKcW9DmgL5OO2yPPhmgPnY85yxyGUxpNWfbZGAyQ=s48-c-k-c0x00ffffff-no-rj,http://www.youtube.com/@malucodosmalucos444,UCRj7eXNGyXeLxRkFV4tMPzQ,Uma coisa que deveria existir no minecraft e ovo frito pq se vc fizesse uma farm de ovo teria muita comida,2022-04-28T19:05:40Z,2022-04-28T19:05:40Z,1,none,True,False,,UCEfGV5hx2VrXl4jOUnG0MRQ
CI4KEiNlX0w,UgxGsld3vSLDB0Qrs4h4AaABAg,@joaouchiha3632,https://yt3.ggpht.com/Ui-YZXy7GgJhPAhrcv8uOmVedq-n8R1ZKP85SyoJPsMyj1tL6V3ydrLJjI0cib-MhTBM4VlO_g=s48-c-k-c0x00ffffff-no-rj,http://www.youtube.com/@joaouchiha3632,UCOnQr-fmUv75GEJpDxI39nQ,Oi geleia,2022-04-28T18:51:24Z,2022-04-28T18:51:24Z,0,none,True,False,,UCEfGV5hx2VrXl4jOUnG0MRQ
CI4KEiNlX0w,UgwtCuaVk2WD0K48fiF4AaABAg,@seilamn3553,https://yt3.ggpht.com/WF3598fN4_6OTVMdEis5SYBt0XmKOZh4aFiB0ELIeSLJUNViSLfxcdLfwWSatVNrd8mzL668QA=s48-c-k-c0x00ffffff-no-rj,http://www.youtube.com/@seilamn3553,UCO_Xby1L-BsJ2Li4fhAuF9Q,Verdade kkkk,2022-04-28T18:28:25Z,2022-04-28T18:28:25Z,0,none,True,False,,UCEfGV5hx2VrXl4jOUnG0MRQ
CI4KEiNlX0w,UgwmCOSyF-4uM3ijdHV4AaABAg,@mirtilo1813,https://yt3.ggpht.com/q5xJj5L3lQTnu2ReWqa10L80kuj3a2FHPU80XgbIJBn4rAam5_UGPJNf6ejqQOzrDKfk3qYEuQ=s48-c-k-c0x00ffffff-no-rj,http://www.youtube.com/@mirtilo1813,UCoHDEWf0YpzLJ4QEp6Jg6CA,"Pois √©, necessitamos de √¥nibus e carros kakakakaü§£üëèüèº",2022-04-28T18:26:15Z,2022-04-28T18:26:15Z,5,none,True,False,,UCEfGV5hx2VrXl4jOUnG0MRQ
CI4KEiNlX0w,UgwEWei5OapC3Lhj5Ud4AaABAg,@AnaLucia-y8b,https://yt3.ggpht.com/3wkdPob_fgNKcKjxmCqB0fM8P5oWJsp0HOXfe1fkWcaZux7y_K7qPadk1OxfecYmbjeAcUpS8Q=s48-c-k-c0x00ffffff-no-rj,http://www.youtube.com/@AnaLucia-y8b,UCKeKIGE8yWmM5oA2cYd7dpw,uhhh,2022-04-28T18:24:34Z,2022-04-28T18:24:34Z,0,none,True,False,,UCEfGV5hx2VrXl4jOUnG0MRQ
CI4KEiNlX0w,UgxnHt_QoFGjs6bRXl14AaABAg,@Themplum,https://yt3.ggpht.com/_o-7WVTfMjgdwoVP0oNXbz7g75AkM9jWqNQmpRoEPw-mcWKpJt_2CbF80GujP5QWhfFKthREwQ=s48-c-k-c0x00ffffff-no-rj,http://www.youtube.com/@Themplum,UC5v9N1SB5tBLdZnQgfe3yvg,"Uma coisa que eu gostaria, s√£o portais... N√£o digo no Nether. Digo um portal que desse pra vc acessar outras partes do mapa, assim dava pra ir de uma base na outra de forma r√°pida!",2022-04-28T18:22:47Z,2022-04-28T18:22:47Z,51,none,True,False,,UCEfGV5hx2VrXl4jOUnG0MRQ
CI4KEiNlX0w,UgxnHt_QoFGjs6bRXl14AaABAg.9aNPGYkz6GG9aPl6Bhm9QR,@Tom4t1nh0,https://yt3.ggpht.com/SetSc7MsjR1JXirnmwG70Yur6j2jh3yopBQEoPKGPxHbkphrBJorTyGYQehu1pIXTo_jXFuWvZc=s48-c-k-c0x00ffffff-no-rj,http://www.youtube.com/@Tom4t1nh0,UCcZcnyyN4vTKWNRihxbF93Q,Aether,2022-04-29T16:20:49Z,2022-04-29T16:20:49Z,2,none,True,True,UgxnHt_QoFGjs6bRXl14AaABAg,UCEfGV5hx2VrXl4jOUnG0MRQ
CI4KEiNlX0w,UgxnHt_QoFGjs6bRXl14AaABAg.9aNPGYkz6GG9aQ-5jvWHy6,@Golfino-ww6iq,https://yt3.ggpht.com/pqnANAlrd29L2Gczot5bgZDdZNB2qiMzHygjNAgVBL-UUnqegxDfu26bQdyHBnSRfu6_QYCl=s48-c-k-c0x00ffffff-no-rj,http://www.youtube.com/@Golfino-ww6iq,UCKUgWxecW6VvyqGK-urk-yg,Tipo portal gun?,2022-04-29T18:31:50Z,2022-04-29T18:31:50Z,1,none,True,True,UgxnHt_QoFGjs6bRXl14AaABAg,UCEfGV5hx2VrXl4jOUnG0MRQ
CI4KEiNlX0w,UgxnHt_QoFGjs6bRXl14AaABAg.9aNPGYkz6GG9aQ3kTAKCn9,@Themplum,https://yt3.ggpht.com/_o-7WVTfMjgdwoVP0oNXbz7g75AkM9jWqNQmpRoEPw-mcWKpJt_2CbF80GujP5QWhfFKthREwQ=s48-c-k-c0x00ffffff-no-rj,http://www.youtube.com/@Themplum,UC5v9N1SB5tBLdZnQgfe3yvg,"@@Golfino-ww6iq tipo esse! Ai tipo fazia um na base e um numa vila, ent√£o n√£o precisava ir andando, dava pra acessar v√°rios pontos do mapa de forma r√°pida!",2022-04-29T19:12:29Z,2022-04-29T19:12:29Z,3,none,True,True,UgxnHt_QoFGjs6bRXl14AaABAg,UCEfGV5hx2VrXl4jOUnG0MRQ
CI4KEiNlX0w,UgxnHt_QoFGjs6bRXl14AaABAg.9aNPGYkz6GG9akoDZ2nKrP,@Grescow,https://yt3.ggpht.com/GbwqyDnNqZe0NzgEcU2DQTtSDiwJPzgp0oLVQgTAAv1UKkFbmlC4BGfG7VHIynIg5Nd1KJO8xA=s48-c-k-c0x00ffffff-no-rj,http://www.youtube.com/@Grescow,UCyJw-me-0rDHHn2YTlDpUTg,"@@Themplum isso seria bom msm, mas teria que ser de forma que se encaixasse com o Minecraft. imagina os cara DO NADA metem uma portal gun no jogo.",2022-05-08T05:51:20Z,2022-05-08T05:51:46Z,2,none,True,True,UgxnHt_QoFGjs6bRXl14AaABAg,UCEfGV5hx2VrXl4jOUnG0MRQ
CI4KEiNlX0w,UgxnHt_QoFGjs6bRXl14AaABAg.9aNPGYkz6GG9bL3UiWxwMj,@arthurgeme8797,https://yt3.ggpht.com/odNKFhYJW_rqL-R0OplHXLbDvHhe5VNayD3kZ_2W5NVQI6CbYa4jErhzBBBbDmSa-bfGBybO=s48-c-k-c0x00ffffff-no-rj,http://www.youtube.com/@arthurgeme8797,UC_hgK6PBQN3eKoHHpGBp8gQ,Uma coisa que eu gostaria,2022-05-22T17:05:23Z,2022-05-22T17:05:23Z,0,none,True,True,UgxnHt_QoFGjs6bRXl14AaABAg,UCEfGV5hx2VrXl4jOUnG0MRQ
CI4KEiNlX0w,UgxnHt_QoFGjs6bRXl14AaABAg.9aNPGYkz6GG9bL3_Lws1q2,@arthurgeme8797,https://yt3.ggpht.com/odNKFhYJW_rqL-R0OplHXLbDvHhe5VNayD3kZ_2W5NVQI6CbYa4jErhzBBBbDmSa-bfGBybO=s48-c-k-c0x00ffffff-no-rj,http://www.youtube.com/@arthurgeme8797,UC_hgK6PBQN3eKoHHpGBp8gQ,Eu tamb√©m,2022-05-22T17:06:09Z,2022-05-22T17:06:09Z,1,none,True,True,UgxnHt_QoFGjs6bRXl14AaABAg,UCEfGV5hx2VrXl4jOUnG0MRQ
CI4KEiNlX0w,UgxnHt_QoFGjs6bRXl14AaABAg.9aNPGYkz6GG9ex5n7uXZQy,@eita568,https://yt3.ggpht.com/yJBFI0nPTjZ_Hmg_AX4lp05xXHQ98bGPVjS8SUufZYjyFXyt33rn6tyIo7g8bRx4mU2StymtIg=s48-c-k-c0x00ffffff-no-rj,http://www.youtube.com/@eita568,UCbpN5bSM98RHb5DR49xaNiA,@@Grescow pode algo q tem tipo no terraria,2022-08-20T10:30:05Z,2022-08-20T10:30:05Z,0,none,True,True,UgxnHt_QoFGjs6bRXl14AaABAg,UCEfGV5hx2VrXl4jOUnG0MRQ
CI4KEiNlX0w,UgxnHt_QoFGjs6bRXl14AaABAg.9aNPGYkz6GG9iNBfpYEu-h,@haylacantuaria1875,https://yt3.ggpht.com/ytc/AIdro_m7ztqGLwQTX2nzLd1maOUiLPPSXq9pzju1Sc37LPA=s48-c-k-c0x00ffffff-no-rj,http://www.youtube.com/@haylacantuaria1875,UCNi_M0Wsp8iAxq7GiTiadiQ,S√ì SE aquele portal tivesse outro portal para ACESSAR AQUELA ENTRADA ai sim voc√™ conseguiria,2022-11-13T12:35:11Z,2022-11-13T12:35:11Z,1,none,True,True,UgxnHt_QoFGjs6bRXl14AaABAg,UCEfGV5hx2VrXl4jOUnG0MRQ
CI4KEiNlX0w,UgzqoPWF0KcpQjD9GP14AaABAg,@elizangeladesouzanunes2756,https://yt3.ggpht.com/I66qtQuG1ik_2QXqjH8tKAkL_yZlRfVe4FtPfx3qC3qSLQmY0fzI0uED83g81aWc1cdMp4KB5g=s48-c-k-c0x00ffffff-no-rj,http://www.youtube.com/@elizangeladesouzanunes2756,UCi-k5Iurrdksq4IfE0PCPgQ,üëèüëèüëè,2022-04-28T18:12:11Z,2022-04-28T18:12:11Z,0,none,True,False,,UCEfGV5hx2VrXl4jOUnG0MRQ
CI4KEiNlX0w,Ugz6ezv-SRv-GzKCOn54AaABAg,@JobCreeper,https://yt3.ggpht.com/wBI-4GAnMzyD1WVnk-ESh-sFiwIs58zfjuMfX7S5XdvOrIQZ6yHzZL6qU1ryKot9Cm3EFDnG=s48-c-k-c0x00ffffff-no-rj,http://www.youtube.com/@JobCreeper,UCR_TReed-tmpHjYhQ1s23PA,"Esses V√≠deos est√° Muito Bom, N√£o Para N√£o mano kkkkkkk",2022-04-28T18:12:09Z,2022-04-28T18:12:09Z,5,none,True,False,,UCEfGV5hx2VrXl4jOUnG0MRQ
CI4KEiNlX0w,UgxCVh8iLHudfioZ7SZ4AaABAg,@LoloamaPortfire,https://yt3.ggpht.com/0Az4nWLQypXU8QbBcg0LRpzNIfmG0BN_tnvE3Px0mTMfPGN6R4Dzq8q-4FIHwoTDohK_Fo-tfw=s48-c-k-c0x00ffffff-no-rj,http://www.youtube.com/@LoloamaPortfire,UCVgax6-wG5ojbA4ShLIvC1Q,Geleia comediante desbloqueado,2022-04-28T18:11:56Z,2022-04-28T18:11:56Z,1,none,True,False,,UCEfGV5hx2VrXl4jOUnG0MRQ
CI4KEiNlX0w,UgxCVh8iLHudfioZ7SZ4AaABAg.9aNO15pLfDx9aRA2aINM5t,@nicholaslettieri5876,https://yt3.ggpht.com/ytc/AIdro_lBOlESVqmiz3UzjvoctqOTwbIjSLlJ2baTVuYPMKc=s48-c-k-c0x00ffffff-no-rj,http://www.youtube.com/@nicholaslettieri5876,UCl2mN1OGkquhtCTNbnqbi3A,Oi dri me ensina fazer gente algu√©m a√≠ que est√° s√≥ me fala uma coisa eu estou,2022-04-30T05:26:46Z,2022-04-30T05:26:46Z,1,none,True,True,UgxCVh8iLHudfioZ7SZ4AaABAg,UCEfGV5hx2VrXl4jOUnG0MRQ
CI4KEiNlX0w,UgzZQgL6LzutaBINiXF4AaABAg,@robertacosta1761,https://yt3.ggpht.com/ytc/AIdro_nS3m4DZ2mv3cYdJYvHxu9QfBOboIqivLt3b60h9Pg=s48-c-k-c0x00ffffff-no-rj,http://www.youtube.com/@robertacosta1761,UCISrgnYqwAhpk0gLbHCwRVQ,KkkkkkkkkkkküòÇüòÇüòÇüòÇ,2022-04-28T17:55:02Z,2022-04-28T17:55:02Z,0,none,True,False,,UCEfGV5hx2VrXl4jOUnG0MRQ
CI4KEiNlX0w,UgwQH4lbJ4FOl0ISO994AaABAg,@Felipe-se7sw,https://yt3.ggpht.com/ytc/AIdro_n1UKC1gAN-YFZhCUog2kUuCJSGEwpbZCeeUyGChCtqFwdMgMoUCpJptjOM5HdMhNgHCg=s48-c-k-c0x00ffffff-no-rj,http://www.youtube.com/@Felipe-se7sw,UCzKaNUjzZVH4b5bzfQNCl7g,Davioi,2022-04-28T17:44:19Z,2022-04-28T17:44:19Z,0,none,True,False,,UCEfGV5hx2VrXl4jOUnG0MRQ
CI4KEiNlX0w,Ugz956JOODERrAvZj314AaABAg,@a10220,https://yt3.ggpht.com/KpkDoZmOyErVmi-ZhsPs6AhpanY8ogHxhtEnt9pUmk5VgNa5tR7GzarXggAH7Z7hcOT8e-xrz2Y=s48-c-k-c0x00ffffff-no-rj,http://www.youtube.com/@a10220,UCKlApC24UiK_5ZAK1JFWMLA,Aguinha com p√£o üçû,2022-04-28T17:33:55Z,2022-04-28T17:33:55Z,0,none,True,False,,UCEfGV5hx2VrXl4jOUnG0MRQ
CI4KEiNlX0w,UgyMf2hR6o_jgXCBIlV4AaABAg,@laisssss027,https://yt3.ggpht.com/orhoyMnbYr2p4CT2RsaRvc_65T28xwSKGsrJcbCqnkfEYHr3juoxb0ngv9H-66bCxWOdR9dGKQ=s48-c-k-c0x00ffffff-no-rj,http://www.youtube.com/@laisssss027,UCyFcasn1OMZubnemq5iXyfQ,"CONCORDO PLENAMENTE
VAMO FALAR COM A MOJANG KKKK",2022-04-28T17:27:36Z,2022-04-28T17:27:36Z,0,none,True,False,,UCEfGV5hx2VrXl4jOUnG0MRQ
CI4KEiNlX0w,UgxIC7GoUW3ynA6AchB4AaABAg,@Numssei,https://yt3.ggpht.com/ZFHlzbkfx1FveKoLTIMtHv0Zr7B_ZipwKAeyy5rRj3hpfVH9-KwEG9PRJMeGdY1DbKgpojQgePA=s48-c-k-c0x00ffffff-no-rj,http://www.youtube.com/@Numssei,UCMyiGyY9Nn4zAQC6I48kjHQ,Geleia volta com creative squad 2,2022-04-28T17:21:24Z,2022-04-28T17:21:24Z,0,none,True,False,,UCEfGV5hx2VrXl4jOUnG0MRQ
CI4KEiNlX0w,UgwO4p7L-i0gPybJwxh4AaABAg,@kittycoffee6503,https://yt3.ggpht.com/ldxI1bHVrxVF2VyoDR5SCQmHjbAZ-2KALTNGqa30olgKJVkomkU3DH9WozP3cFfV-4sskLjd2w=s48-c-k-c0x00ffffff-no-rj,http://www.youtube.com/@kittycoffee6503,UCzBOsMuNnciNuECKQ5l8JIQ,KKKKK realmente,2022-04-28T17:09:33Z,2022-04-28T17:09:33Z,0,none,True,False,,UCEfGV5hx2VrXl4jOUnG0MRQ
CI4KEiNlX0w,UgzHF4LildeeLIwyfPd4AaABAg,@rodrigoabreu999,https://yt3.ggpht.com/ytc/AIdro_lTsn_SEf4XL2vXIaaoqLUud5NQ9oq-8qVva6nli6qHfYKIw450e_k2BCXQMQ4EGZfOvw=s48-c-k-c0x00ffffff-no-rj,http://www.youtube.com/@rodrigoabreu999,UCuEzCFe_TBcrSwJNAwerg2Q,Verdade geleia √© mesmo uma boa ideia,2022-04-28T16:58:11Z,2022-04-28T16:58:11Z,0,none,True,False,,UCEfGV5hx2VrXl4jOUnG0MRQ
CI4KEiNlX0w,Ugxhu_K5vVF9YLcXZ5x4AaABAg,@FOXKALICAFOXKALICA,https://yt3.ggpht.com/ytc/AIdro_kLZZcb_t9brdMOIUkPkyUdqYOejr6K06txAYK4aC2v7y0=s48-c-k-c0x00ffffff-no-rj,http://www.youtube.com/@FOXKALICAFOXKALICA,UC-iOYdZ2tyUHUbIx_E9N2ng,oi geleia eu te amo,2022-04-28T16:49:39Z,2022-04-28T16:49:39Z,0,none,True,False,,UCEfGV5hx2VrXl4jOUnG0MRQ
CI4KEiNlX0w,Ugzh7S155zTdgTvocxZ4AaABAg,@isagamer1012,https://yt3.ggpht.com/fzHo-7Z7eRpl-gIcEmumTSr5ZjSQhxS-PPCHa39W7z0Cua1riFkfHByQ346IH-nl3lvpqumf=s48-c-k-c0x00ffffff-no-rj,http://www.youtube.com/@isagamer1012,UCxV3gnUiVc7mwfDEzo9ZQfA,Nss na parte para botar as aranhas para correr foi legal eu t√¥ rindo at√© agora kkkkk,2022-04-28T16:47:08Z,2022-04-28T16:47:08Z,0,none,True,False,,UCEfGV5hx2VrXl4jOUnG0MRQ
CI4KEiNlX0w,UgyAeYPRsrO36yKS0f94AaABAg,@MKzin_007,https://yt3.ggpht.com/Y9J1vChkhgQWLSEjd3zCQI_EK6CXstnQq_gdp8G6KZHXXdC5gzEpg0GjLKTtvSn8FylZzIGB=s48-c-k-c0x00ffffff-no-rj,http://www.youtube.com/@MKzin_007,UCx22hAwgCay4RLGSr1JFwBA,Concordo geleia por que vc s√≥ ia andar pelo mundo e √© muito chato de ficar andando pelo menos o √¥nibus √© mais r√°pido e tamb√©m cansa de ficar s√≥ andando,2022-04-28T16:45:24Z,2022-04-28T16:45:24Z,1,none,True,False,,UCEfGV5hx2VrXl4jOUnG0MRQ
CI4KEiNlX0w,UgykM57FG2wclai5t9V4AaABAg,@thaylaferreira8855,https://yt3.ggpht.com/ytc/AIdro_ntgPrUcHyzZ9-vVtMugfOvEyfrYUXSF9CNTYHBl3ld87eoFostv-kIwHbSagae3U3GEw=s48-c-k-c0x00ffffff-no-rj,http://www.youtube.com/@thaylaferreira8855,UCuM4jVbXGuYdMribiAdoyZA,Te adoro geleia sksksks me nota,2022-04-28T16:33:27Z,2022-04-28T16:33:27Z,0,none,True,False,,UCEfGV5hx2VrXl4jOUnG0MRQ
CI4KEiNlX0w,UgxoKcnnoZDxOEnnOgt4AaABAg,@hoyh4tsun318,https://yt3.ggpht.com/ytc/AIdro_kQCOx0tuwhrCLu-BUfEA2QAPeJ0d9GNzXWR2asSgs4wsY=s48-c-k-c0x00ffffff-no-rj,http://www.youtube.com/@hoyh4tsun318,UCD1dxNFaShjGdETSxyg6IOA,Minecraft deveria aderir essas ideias hein,2022-04-28T16:31:11Z,2022-04-28T16:31:11Z,0,none,True,False,,UCEfGV5hx2VrXl4jOUnG0MRQ
CI4KEiNlX0w,UgyR9gYppcbrSGo_KBZ4AaABAg,@claudiaamorim105,https://yt3.ggpht.com/A-o16VLSTX4rrhCfbsYEUVYygaDLPujncp-lNSt5mszBZ1NMqnOLYdEtmtRohKyowBp723in=s48-c-k-c0x00ffffff-no-rj,http://www.youtube.com/@claudiaamorim105,UCIN9MWerXhi8BERyHhdkkKw,Kkkkkkk,2022-04-28T16:29:50Z,2022-04-28T16:29:50Z,1,none,True,False,,UCEfGV5hx2VrXl4jOUnG0MRQ
CI4KEiNlX0w,UgzlPw-Ifqag23mcGcJ4AaABAg,@claudiaamorim105,https://yt3.ggpht.com/A-o16VLSTX4rrhCfbsYEUVYygaDLPujncp-lNSt5mszBZ1NMqnOLYdEtmtRohKyowBp723in=s48-c-k-c0x00ffffff-no-rj,http://www.youtube.com/@claudiaamorim105,UCIN9MWerXhi8BERyHhdkkKw,Oi geleia a criativi squad 2 e top,2022-04-28T16:29:01Z,2022-04-28T16:29:01Z,0,none,True,False,,UCEfGV5hx2VrXl4jOUnG0MRQ
CI4KEiNlX0w,Ugyla20Cy09nLhUOQe94AaABAg,@CaduOrleans,https://yt3.ggpht.com/RWV3WCt9FaUhxnHQG4TvGX4m6kdmtUOgqlaa2ojpAbAor5luu2OU2CSve62WNzAz5_j4r_2rUA=s48-c-k-c0x00ffffff-no-rj,http://www.youtube.com/@CaduOrleans,UC0XSkTF90I3Mh3E79No_9mg,Para voc√™ que est√° lendo isso: Espero que consiga realizar todos os seus sonhos esse ano!! Am√©m!! üòäüíòüçÉüôè,2022-04-28T16:27:49Z,2022-04-28T16:27:49Z,32,none,True,False,,UCEfGV5hx2VrXl4jOUnG0MRQ
CI4KEiNlX0w,Ugyla20Cy09nLhUOQe94AaABAg.9aNC6W0DXxh9aNHe1jLShi,@MiguelMC77,https://yt3.ggpht.com/qD0VYfyaJCoTzYqMJt8dii88RcYhf_6HqN4YLqIL4XCv7lkUq5W1Xz_6Db15ffmqezoHgUit=s48-c-k-c0x00ffffff-no-rj,http://www.youtube.com/@MiguelMC77,UCmYRJ0YvTKwnjOtZQabBaeQ,Vai procurar o que fazer üò° s√≥ comenta isso pra ganhar likes,2022-04-28T17:16:13Z,2022-04-28T17:16:13Z,2,none,True,True,Ugyla20Cy09nLhUOQe94AaABAg,UCEfGV5hx2VrXl4jOUnG0MRQ
CI4KEiNlX0w,Ugyla20Cy09nLhUOQe94AaABAg.9aNC6W0DXxh9aQrSSg4RFy,@arrascamdm,https://yt3.ggpht.com/VGX2cNpXbgh-xn-Ew5yCsFt5V3U2eYClaX-YNr3cxryZafoCEUG5Cs_3wZ_GlkncIzl28WeVV9k=s48-c-k-c0x00ffffff-no-rj,http://www.youtube.com/@arrascamdm,UC7f6pnA0EdAifXQju2jL1UQ,@@MiguelMC77 ele ia comentar pra q?,2022-04-30T02:35:32Z,2022-04-30T02:35:32Z,1,none,True,True,Ugyla20Cy09nLhUOQe94AaABAg,UCEfGV5hx2VrXl4jOUnG0MRQ
CI4KEiNlX0w,Ugyla20Cy09nLhUOQe94AaABAg.9aNC6W0DXxh9aSZpnvla6p,@mariacandeias9650,https://yt3.ggpht.com/ytc/AIdro_k0PVo4Ayjzf9FlRcdjZAQYBwK430_hLvWlP9jgikQjC65W-ONDWjkk4dykteuHJ96HgQ=s48-c-k-c0x00ffffff-no-rj,http://www.youtube.com/@mariacandeias9650,UCKsV5yiKFR0h_Ho7O65aJeQ,N√£o √©,2022-04-30T18:31:19Z,2022-04-30T18:31:19Z,0,none,True,True,Ugyla20Cy09nLhUOQe94AaABAg,UCEfGV5hx2VrXl4jOUnG0MRQ
CI4KEiNlX0w,Ugyla20Cy09nLhUOQe94AaABAg.9aNC6W0DXxh9aSZrfsLR-9,@mariacandeias9650,https://yt3.ggpht.com/ytc/AIdro_k0PVo4Ayjzf9FlRcdjZAQYBwK430_hLvWlP9jgikQjC65W-ONDWjkk4dykteuHJ96HgQ=s48-c-k-c0x00ffffff-no-rj,http://www.youtube.com/@mariacandeias9650,UCKsV5yiKFR0h_Ho7O65aJeQ,Ele esta sempre aqui,2022-04-30T18:31:34Z,2022-04-30T18:31:34Z,0,none,True,True,Ugyla20Cy09nLhUOQe94AaABAg,UCEfGV5hx2VrXl4jOUnG0MRQ
CI4KEiNlX0w,Ugyla20Cy09nLhUOQe94AaABAg.9aNC6W0DXxh9aT_BFERlTI,@criandocoisas7236,https://yt3.ggpht.com/0p6STFPkYc3I-ZkBHCS71hLC4JK_vtuKNl5Awvf6WPeFNDHvFLpy9TtDNv1sdAf3EDsPjmH1lw=s48-c-k-c0x00ffffff-no-rj,http://www.youtube.com/@criandocoisas7236,UCV6YYS_EA7qgmnUacs39TlA,@@MiguelMC77vcs deveriam fala isso pro Sr Pedro ele est√°  sem a sua conta pois ele foi hackeado,2022-05-01T03:53:37Z,2022-05-01T03:53:37Z,0,none,True,True,Ugyla20Cy09nLhUOQe94AaABAg,UCEfGV5hx2VrXl4jOUnG0MRQ
CI4KEiNlX0w,Ugyla20Cy09nLhUOQe94AaABAg.9aNC6W0DXxh9abE7E9AGKR,@thezzyyt_16,https://yt3.ggpht.com/znYJjKymJICFhEn0JAM5fJmIWl0LwcicQlTrO2dtey6SHrb0dXf1uenaHH3VHh-CgABoXmeQ0w=s48-c-k-c0x00ffffff-no-rj,http://www.youtube.com/@thezzyyt_16,UC7fZ4qjiRdmhDUwt-JkZXqQ,N√ÉO VAI GANHAR MEU LIKE üòÑ,2022-05-04T12:34:00Z,2022-05-04T12:34:00Z,0,none,True,True,Ugyla20Cy09nLhUOQe94AaABAg,UCEfGV5hx2VrXl4jOUnG0MRQ
CI4KEiNlX0w,Ugyla20Cy09nLhUOQe94AaABAg.9aNC6W0DXxh9abE9GvnXZF,@thezzyyt_16,https://yt3.ggpht.com/znYJjKymJICFhEn0JAM5fJmIWl0LwcicQlTrO2dtey6SHrb0dXf1uenaHH3VHh-CgABoXmeQ0w=s48-c-k-c0x00ffffff-no-rj,http://www.youtube.com/@thezzyyt_16,UC7fZ4qjiRdmhDUwt-JkZXqQ,MAIS EU GOSTEI DO COMENT√ÅRIO üòÉ,2022-05-04T12:34:16Z,2022-05-04T12:34:16Z,0,none,True,True,Ugyla20Cy09nLhUOQe94AaABAg,UCEfGV5hx2VrXl4jOUnG0MRQ
CI4KEiNlX0w,Ugyla20Cy09nLhUOQe94AaABAg.9aNC6W0DXxh9aildsxGPDf,@mariacandeias9650,https://yt3.ggpht.com/ytc/AIdro_k0PVo4Ayjzf9FlRcdjZAQYBwK430_hLvWlP9jgikQjC65W-ONDWjkk4dykteuHJ96HgQ=s48-c-k-c0x00ffffff-no-rj,http://www.youtube.com/@mariacandeias9650,UCKsV5yiKFR0h_Ho7O65aJeQ,Kkkk,2022-05-07T10:50:22Z,2022-05-07T10:50:22Z,0,none,True,True,Ugyla20Cy09nLhUOQe94AaABAg,UCEfGV5hx2VrXl4jOUnG0MRQ
CI4KEiNlX0w,Ugyla20Cy09nLhUOQe94AaABAg.9aNC6W0DXxh9akoJOSd5sI,@Grescow,https://yt3.ggpht.com/GbwqyDnNqZe0NzgEcU2DQTtSDiwJPzgp0oLVQgTAAv1UKkFbmlC4BGfG7VHIynIg5Nd1KJO8xA=s48-c-k-c0x00ffffff-no-rj,http://www.youtube.com/@Grescow,UCyJw-me-0rDHHn2YTlDpUTg,Valeu man,2022-05-08T05:52:08Z,2022-05-08T05:52:08Z,1,none,True,True,Ugyla20Cy09nLhUOQe94AaABAg,UCEfGV5hx2VrXl4jOUnG0MRQ
CI4KEiNlX0w,Ugyla20Cy09nLhUOQe94AaABAg.9aNC6W0DXxh9cRwYpljMNy,@dustsannes9502,https://yt3.ggpht.com/tcZ6OvhT8LemucoehIHfneRTQxv8FLONsWWrveBFrZCYm4aN_tb5Gq8gfYDNnpCUPDhYfiojmg=s48-c-k-c0x00ffffff-no-rj,http://www.youtube.com/@dustsannes9502,UCiekrqW3JIgdcAY81Sa-34Q,Aaaaa so pra ganha like admita se cagando pros sonho das pessoas,2022-06-19T05:42:07Z,2022-06-19T05:42:07Z,0,none,True,True,Ugyla20Cy09nLhUOQe94AaABAg,UCEfGV5hx2VrXl4jOUnG0MRQ
CI4KEiNlX0w,UgyjIGhR7gPc1Li_rah4AaABAg,@MglAthos,https://yt3.ggpht.com/9UpF3v3GtOqlrvNTkbKohXJGIuj0Vm4W-4Kgmf4ata-v-xAnirXiR4XT1mDBMR8vJ0bbSIs14A=s48-c-k-c0x00ffffff-no-rj,http://www.youtube.com/@MglAthos,UCckJD09QfnDqJbnJKigWGbg,Vdd Geleia,2022-04-28T16:25:23Z,2022-04-28T16:25:23Z,1,none,True,False,,UCEfGV5hx2VrXl4jOUnG0MRQ
CI4KEiNlX0w,UgyxJXoRaypiKKUvRS94AaABAg,@borutoedits628,https://yt3.ggpht.com/FrpxK2fTQmw0y0VSnkEKFgp_lgq_LhxcRt9YcYWmau6ahhF9gR6xc4pNW-6BSoBaPUAAVqvb=s48-c-k-c0x00ffffff-no-rj,http://www.youtube.com/@borutoedits628,UCY6tB1IHOC2b-gwnU1pt67A,Verdade geleia  poderia ter adicionado mesmo,2022-04-28T16:15:45Z,2022-04-28T16:15:45Z,7,none,True,False,,UCEfGV5hx2VrXl4jOUnG0MRQ
CI4KEiNlX0w,UgygBzstbvh5cfGCXh94AaABAg,@Leal_og,https://yt3.ggpht.com/ULqm5jeoMYTMjLtdcP09WACVZC1sClFOD47Q7qa1d3BnMTy8R77VGFIyEYe3AVmHlcVM9Yzk06A=s48-c-k-c0x00ffffff-no-rj,http://www.youtube.com/@Leal_og,UCPfv-rKyZbjSDYxzqrVFFpg,√înibus em um jogo que se passa na idade m√©dia?,2022-04-28T16:14:43Z,2022-04-28T16:14:43Z,1,none,True,False,,UCEfGV5hx2VrXl4jOUnG0MRQ
CI4KEiNlX0w,UgygBzstbvh5cfGCXh94AaABAg.9aNAbZRvQf79aNDsovMlZN,@luisfernandes1584,https://yt3.ggpht.com/ytc/AIdro_m4Zz7uGNTVcW4FLt7rtGUoSzqhWoGMQWg3rzjbyAWsPA=s48-c-k-c0x00ffffff-no-rj,http://www.youtube.com/@luisfernandes1584,UCuG8VkUfFkivi_iJLyNUBaw,"N √© bem na idade M√©dia, n tem castelo n meu fi",2022-04-28T16:43:17Z,2022-04-28T16:43:17Z,0,none,True,True,UgygBzstbvh5cfGCXh94AaABAg,UCEfGV5hx2VrXl4jOUnG0MRQ
CI4KEiNlX0w,Ugz-HsmSrUjyGOzsF-14AaABAg,@emanueledasilvabatista2963,https://yt3.ggpht.com/JlVQgOLUpOmbyeWtMhKN-5lxxegfZ2Tqt0VKlvTTMP839DCQYhCFpJqU0MKASN8O9X20MRZX=s48-c-k-c0x00ffffff-no-rj,http://www.youtube.com/@emanueledasilvabatista2963,UC4BLWO-jN6Te8KXyymZ9D8A,Vdd,2022-04-28T16:12:28Z,2022-04-28T16:12:28Z,0,none,True,False,,UCEfGV5hx2VrXl4jOUnG0MRQ
CI4KEiNlX0w,UgzOcogLS_lUsEL78mV4AaABAg,@Atzhox,https://yt3.ggpht.com/ol7a9EmYxBu_Tr-N42F_N98hUqupoGLmNUMUN8OLUMZ5BwPJzyxP5jaxCuvrOrQeq2XagWIGVA=s48-c-k-c0x00ffffff-no-rj,http://www.youtube.com/@Atzhox,UC76eiPOyqwZOtIaMSitsnBQ,Oi,2022-04-28T16:10:09Z,2022-04-28T16:10:09Z,1,none,True,False,,UCEfGV5hx2VrXl4jOUnG0MRQ
CI4KEiNlX0w,UgxRE3GH9eQMFLeEVbt4AaABAg,@loRhobert,https://yt3.ggpht.com/GMZ2F5xTisFxxhHhvBH_rvq0K2URdMwbmIRaarzneeo3ALJAbkQ79GgOEC-lV4Xd_xJvuzhsZA=s48-c-k-c0x00ffffff-no-rj,http://www.youtube.com/@loRhobert,UC4qzXxjvxLp7bnbgO1rnsvA,Muito bom geleia,2022-04-28T16:07:32Z,2022-04-28T16:07:32Z,5,none,True,False,,UCEfGV5hx2VrXl4jOUnG0MRQ
CI4KEiNlX0w,UgxRE3GH9eQMFLeEVbt4AaABAg.9aN9myJKhOR9aRA9fdFLva,@nicholaslettieri5876,https://yt3.ggpht.com/ytc/AIdro_lBOlESVqmiz3UzjvoctqOTwbIjSLlJ2baTVuYPMKc=s48-c-k-c0x00ffffff-no-rj,http://www.youtube.com/@nicholaslettieri5876,UCl2mN1OGkquhtCTNbnqbi3A,Ol√° problema ent√£o eu sou muito seu f√£ eu te assisto todo dia toda semana ent√£o eu vou continuar com gelei agora mas desculpe incomodar t√° desculpa de que eu estava com as coisas que voc√™ estava fazendo alguma coisa est√°,2022-04-30T05:27:44Z,2022-04-30T05:27:44Z,2,none,True,True,UgxRE3GH9eQMFLeEVbt4AaABAg,UCEfGV5hx2VrXl4jOUnG0MRQ
CI4KEiNlX0w,Ugyh_-z_fpbAUpOi_Hp4AaABAg,@_edit_de_fut,https://yt3.ggpht.com/x4_4yNKzd5zuASdt0UJlLaRO87djP3afRoZoQhqCbzd3f_nTV4jUdQPF5w0uPmhefiyJrMWUR7s=s48-c-k-c0x00ffffff-no-rj,http://www.youtube.com/@_edit_de_fut,UCm4LoCKFqW4ynIEMxb2ltiQ,Oiii geleia,2022-04-28T16:06:07Z,2022-04-28T16:06:07Z,0,none,True,False,,UCEfGV5hx2VrXl4jOUnG0MRQ
CI4KEiNlX0w,UgwfZKXQg3lVnqkK0zF4AaABAg,@Veterano_YT0,https://yt3.ggpht.com/iIGsmK4y-5P6Gx37d_Yyv1py6h5L6aw6wg38bv1e_MNBzfBSrHreXWjuwsU1iKO9Spw7KUdu9A=s48-c-k-c0x00ffffff-no-rj,http://www.youtube.com/@Veterano_YT0,UCLmQ2iT2GnaqA3yQPNguYDA,Saem limites,2022-04-28T16:05:39Z,2022-04-28T16:05:39Z,0,none,True,False,,UCEfGV5hx2VrXl4jOUnG0MRQ
CI4KEiNlX0w,UgzDrFikaMDVG7dbrcl4AaABAg,@emanueluzumaki8125,https://yt3.ggpht.com/ytc/AIdro_lLLC6w4vYwPscfJEYx7rO4hiLHAZN6pjenyqe0Gt5Foewq1wsvoK6y6RPIFdiJIGSwog=s48-c-k-c0x00ffffff-no-rj,http://www.youtube.com/@emanueluzumaki8125,UCHZJoNfpq4ih3_VViLLKCyg,kkkkkkkkkkkkkk mauito engara√ßado,2022-04-28T16:05:37Z,2022-04-28T16:05:37Z,0,none,True,False,,UCEfGV5hx2VrXl4jOUnG0MRQ
CI4KEiNlX0w,UgzIkUqIwjKcKdiv9RR4AaABAg,@rodrigocesar633,https://yt3.ggpht.com/ytc/AIdro_nDrBa86G3yh2SBYo19qaoCtp9oylO-l1L5A5TOxUDvXA=s48-c-k-c0x00ffffff-no-rj,http://www.youtube.com/@rodrigocesar633,UCtQNs1KVCw8WQQKGoyq3fMA,"Oi geleia, volta com mais epis√≥dios da creative squad pfv",2022-04-28T16:03:46Z,2022-04-28T16:03:46Z,9,none,True,False,,UCEfGV5hx2VrXl4jOUnG0MRQ
CI4KEiNlX0w,Ugwp-I0FErnbyYVq-3Z4AaABAg,@natagabriel3711,https://yt3.ggpht.com/ytc/AIdro_kha02_9Ul-0i7-bVviA0vGlId-liZzPVQMGzeLqnUygpGthuE1DCRL-f9hmm6Y1aUYKw=s48-c-k-c0x00ffffff-no-rj,http://www.youtube.com/@natagabriel3711,UC1Su5cpeQmw0ZdKbpiamhfA,Amo esse canal,2022-04-28T16:03:35Z,2022-04-28T16:03:35Z,2,none,True,False,,UCEfGV5hx2VrXl4jOUnG0MRQ
CI4KEiNlX0w,Ugxm-obxwNPS4_rIEW14AaABAg,@mateusvieira4397,https://yt3.ggpht.com/ytc/AIdro_nldvb_Ot7GC2fvefCPXoR7x093IWGO1lls0O0jF0kBoYc=s48-c-k-c0x00ffffff-no-rj,http://www.youtube.com/@mateusvieira4397,UCLbtAZQOyu4RPW6fruH78Sg,"Vdd,manda salve",2022-04-28T16:02:53Z,2022-04-28T16:02:53Z,0,none,True,False,,UCEfGV5hx2VrXl4jOUnG0MRQ
CI4KEiNlX0w,UgxGG6XuV6qz47N7OjR4AaABAg,@juliagamer6625,https://yt3.ggpht.com/ytc/AIdro_lVdgv6VK0IOScTdHt1R4NdIFdRkvG2Y1jsrCR_otHBLogTg1YjnUt3k9YQBrmAT3VFLg=s48-c-k-c0x00ffffff-no-rj,http://www.youtube.com/@juliagamer6625,UCCiDnFcMYsH65mdVwBKk3Ag,Vdd mano minecraft adiciona isso,2022-04-28T16:02:45Z,2022-04-28T16:02:45Z,4,none,True,False,,UCEfGV5hx2VrXl4jOUnG0MRQ
CI4KEiNlX0w,Ugx0axJT4hOqywcj70J4AaABAg,@marcos8085,https://yt3.ggpht.com/ytc/AIdro_lw4v_ywjPKXbNIKWpYhk4lhgk6b_BCcQEFIHdEoQQ=s48-c-k-c0x00ffffff-no-rj,http://www.youtube.com/@marcos8085,UC3f6WpFomJ3kQmijvvsEHhQ,geleia e tao emgra√ßado por isso ele e meu maior idolo,2022-04-28T16:02:42Z,2022-04-28T16:02:42Z,2,none,True,False,,UCEfGV5hx2VrXl4jOUnG0MRQ
CI4KEiNlX0w,Ugy8DqAY9sjPUpjMAOd4AaABAg,@gabrielsouza4014,https://yt3.ggpht.com/ytc/AIdro_m4yBztTKBIOPUi_OrOUqDfINNKbZ-w8S8b7S7uBiuwQ2fUjAPTXxW72THAbvgqFMD3sg=s48-c-k-c0x00ffffff-no-rj,http://www.youtube.com/@gabrielsouza4014,UCx_HovPP3PqKhJYO3Wl85ow,um dos primeiros <3,2022-04-28T16:02:40Z,2022-04-28T16:02:40Z,0,none,True,False,,UCEfGV5hx2VrXl4jOUnG0MRQ
CI4KEiNlX0w,Ugwc1d7w_mqY0U9pVjF4AaABAg,@yWixzpng,https://yt3.ggpht.com/8ScXCo5oojNzG1QXtG2t1DDxKnvJM58NM31h7bs_a3oe4OdiHeTAJxehzniVmDEjw-1U5XnKhw=s48-c-k-c0x00ffffff-no-rj,http://www.youtube.com/@yWixzpng,UCzKu8jy5z-xffL4edtdlihQ,Vc venceu AFF,2022-04-28T16:02:22Z,2022-04-28T16:02:41Z,0,none,True,False,,UCEfGV5hx2VrXl4jOUnG0MRQ
CI4KEiNlX0w,Ugxpqfstf3JvohqGu3V4AaABAg,@myne3.3,https://yt3.ggpht.com/5x2Ituutoa9VdNPec7cHp65eMqP9qTmiaiI4GFOuvuCrcyGFMJNibZxpc47Pqzl564zEfoLtnQ=s48-c-k-c0x00ffffff-no-rj,http://www.youtube.com/@myne3.3,UC6tE54NsRIinpLKh4vPbDGw,Oi geleia,2022-04-28T16:02:05Z,2022-04-28T16:02:05Z,0,none,True,False,,UCEfGV5hx2VrXl4jOUnG0MRQ
CI4KEiNlX0w,Ugxcx-_ZymFOtrLAQuN4AaABAg,@TODDYNO17,https://yt3.ggpht.com/r-mnf1pnhzvlO-q4CWARGpA49170kSFyl1Pc_bkEDHSTAVxIudYzzHlW3q5HDTHVJWWJhbUt=s48-c-k-c0x00ffffff-no-rj,http://www.youtube.com/@TODDYNO17,UCAP6Fa8pakiLXomTFMDF49Q,Geleia d√° o cora√ß√£o para eu,2022-04-28T16:01:20Z,2022-04-28T16:01:33Z,2,none,True,False,,UCEfGV5hx2VrXl4jOUnG0MRQ
CI4KEiNlX0w,Ugxcx-_ZymFOtrLAQuN4AaABAg.9aN94bAqQnv9aNAdfOBnPO,@Leal_og,https://yt3.ggpht.com/ULqm5jeoMYTMjLtdcP09WACVZC1sClFOD47Q7qa1d3BnMTy8R77VGFIyEYe3AVmHlcVM9Yzk06A=s48-c-k-c0x00ffffff-no-rj,http://www.youtube.com/@Leal_og,UCPfv-rKyZbjSDYxzqrVFFpg,Pq ele deveria te dar cora√ß√£o?,2022-04-28T16:15:00Z,2022-04-28T16:15:00Z,0,none,True,True,Ugxcx-_ZymFOtrLAQuN4AaABAg,UCEfGV5hx2VrXl4jOUnG0MRQ
CI4KEiNlX0w,Ugxcx-_ZymFOtrLAQuN4AaABAg.9aN94bAqQnv9aNCtcpxL7J,@linafemme,https://yt3.ggpht.com/ytc/AIdro_liAVe-KPXZY7FokjScoGHw4lLGHxJY7j1nDvlrmxv82Eo=s48-c-k-c0x00ffffff-no-rj,http://www.youtube.com/@linafemme,UCYq3ykzO1FSzwmhbrhY01UA,ETA patada,2022-04-28T16:34:39Z,2022-04-28T16:34:39Z,1,none,True,True,Ugxcx-_ZymFOtrLAQuN4AaABAg,UCEfGV5hx2VrXl4jOUnG0MRQ
CI4KEiNlX0w,UgxI0SCf61k4FLcnw054AaABAg,@Leo-nu4ig,https://yt3.ggpht.com/2tqvqd3Vu8uUf4y-GTFtBTo0jg8Gp7cliVNX2qLbFdZr762nYbPwd0DV4zgMb0xhtyle2MW4=s48-c-k-c0x00ffffff-no-rj,http://www.youtube.com/@Leo-nu4ig,UC6iykSZ3SoxRIlYwVk2wxHg,Video b√£o,2022-04-28T16:00:57Z,2022-04-28T16:00:57Z,2,none,True,False,,UCEfGV5hx2VrXl4jOUnG0MRQ
