video_id,comment_id,author,author_channel_url,author_channel_id,comment,published_at,updated_at,like_count,viewer_rating,can_rate,is_reply,parent_id,author_profile_image_url,channel_id,inter-arrival-time,inter-arrival-time-seconds
DjjvZZehpQE,UgzU32o_E7Q6qKsA7Nx4AaABAg,@Mundo_Minecraft09941,http://www.youtube.com/@Mundo_Minecraft09941,UCvESDH6JrC2wC8y2yYzjC7A,"Primeiro 
ğŸ˜‚ğŸ˜‚ğŸ˜‚ğŸ˜‚ğŸ‰ğŸ‰ğŸ‰ğŸ‰ğŸ‰ğŸ‰",2024-09-04 14:47:47+00:00,2024-09-04T14:47:47Z,2,none,True,False,,,UC9Qu6o04oTf-b2acahQVk1g,,
DjjvZZehpQE,UgzpmoPAz_aEl0EOo454AaABAg,@Mundo_Minecraft09941,http://www.youtube.com/@Mundo_Minecraft09941,UCvESDH6JrC2wC8y2yYzjC7A,Todo dia eu venho aqui no YouTube do Case KR assistir todos os vÃ­deos aÃ­ eu vi esse vÃ­deo novo agora vou assistir todinho,2024-09-04 14:48:06+00:00,2024-09-04T14:48:06Z,15,none,True,False,,,UC9Qu6o04oTf-b2acahQVk1g,0 days 00:00:19,19.0
DjjvZZehpQE,UgzYVGlDdjMFQ0B5vDJ4AaABAg,@Mundo_Minecraft09941,http://www.youtube.com/@Mundo_Minecraft09941,UCvESDH6JrC2wC8y2yYzjC7A,Meu sonho Ã© conhecer o caso e cair,2024-09-04 14:48:25+00:00,2024-09-04T14:48:25Z,3,none,True,False,,,UC9Qu6o04oTf-b2acahQVk1g,0 days 00:00:19,19.0
DjjvZZehpQE,UgyZiGjTqkiNbntGzel4AaABAg,@dominiklp9232,http://www.youtube.com/@dominiklp9232,UCQ9MAbpGKYfzdFWvEvFRVUA,"primeira 
ğŸ˜ğŸ˜ğŸ˜ğŸ˜ğŸ˜ŠğŸ˜ŠğŸ˜Š",2024-09-04 14:48:28+00:00,2024-09-04T14:48:28Z,7,none,True,False,,,UC9Qu6o04oTf-b2acahQVk1g,0 days 00:00:03,3.0
DjjvZZehpQE,UgxtUOPyh2cYg_zCt8B4AaABAg,@Alerrandrolacwrdadasilva,http://www.youtube.com/@Alerrandrolacwrdadasilva,UCbebESOhNAyD2PSewtg-s_Q,ğŸ˜…segundo,2024-09-04 14:48:46+00:00,2024-09-04T14:48:46Z,3,none,True,False,,,UC9Qu6o04oTf-b2acahQVk1g,0 days 00:00:18,18.0
DjjvZZehpQE,UgyZiGjTqkiNbntGzel4AaABAg.A7ySNLmEKFYA7ySVmcG-_B,@Mundo_Minecraft09941,http://www.youtube.com/@Mundo_Minecraft09941,UCvESDH6JrC2wC8y2yYzjC7A,Sabe mentir ruim viu foi eu nÃ© burra,2024-09-04 14:49:37+00:00,2024-09-04T14:49:37Z,0,none,True,True,UgyZiGjTqkiNbntGzel4AaABAg,https://yt3.ggpht.com/NhUKrmZulmzmonHvGiS4GvOxM21iEPbZ8eFapnRehAS_IioVTnPuzmVpR8HjsHtMzKVE5fwrdg=s48-c-k-c0x00ffffff-no-rj,UC9Qu6o04oTf-b2acahQVk1g,0 days 00:00:51,51.0
DjjvZZehpQE,UgyCAbAZ3_jzhjp4P7x4AaABAg,@JoseFelipe-p2r,http://www.youtube.com/@JoseFelipe-p2r,UCtmEuwTmmSNepjAPduasamg,Ter ceiroğŸ˜‚l,2024-09-04 14:52:21+00:00,2024-09-04T14:52:21Z,3,none,True,False,,,UC9Qu6o04oTf-b2acahQVk1g,0 days 00:02:44,164.0
DjjvZZehpQE,UgwnpPI5bMhtp9DfqNB4AaABAg,@guilhermedaregiaodekanto159,http://www.youtube.com/@guilhermedaregiaodekanto159,UCa7JnDfSXKEub5wF29q3i0Q,Oi papappapapapapapPPppP,2024-09-04 14:57:59+00:00,2024-09-04T14:57:59Z,4,none,True,False,,,UC9Qu6o04oTf-b2acahQVk1g,0 days 00:05:38,338.0
DjjvZZehpQE,Ugwpc7Pz2frfCNIetNB4AaABAg,@BrayanPiresmanenti,http://www.youtube.com/@BrayanPiresmanenti,UCeun9NZdaPspqI8ofDdh9UQ,NonoğŸ˜‚,2024-09-04 14:59:16+00:00,2024-09-04T14:59:16Z,2,none,True,False,,,UC9Qu6o04oTf-b2acahQVk1g,0 days 00:01:17,77.0
DjjvZZehpQE,UgyujyHJo9zk0P0f5_t4AaABAg,@ThaynaMonteiro-uo3pj,http://www.youtube.com/@ThaynaMonteiro-uo3pj,UCe3dLZoUEHkrN_A5veqtg5A,E o matinho,2024-09-04 15:02:39+00:00,2024-09-04T15:02:39Z,32,none,True,False,,,UC9Qu6o04oTf-b2acahQVk1g,0 days 00:03:23,203.0
DjjvZZehpQE,UgwERzgM_LhGg0PlRtd4AaABAg,@Ã‚ngelaNunes-r1c,http://www.youtube.com/@%C3%82ngelaNunes-r1c,UCGeBBbnWvV3HtnezpJOPMUg,Oiii kass e krğŸ’™â¤ï¸ğŸ’™â¤ï¸,2024-09-04 15:08:35+00:00,2024-09-04T15:08:35Z,5,none,True,False,,,UC9Qu6o04oTf-b2acahQVk1g,0 days 00:05:56,356.0
DjjvZZehpQE,UgxK_4U9IX8rx3E4jaR4AaABAg,@RodrigoMattos-o8b,http://www.youtube.com/@RodrigoMattos-o8b,UCZ-KS2ipkZC_2XYGDH-s0ng,â¤,2024-09-04 15:11:03+00:00,2024-09-04T15:11:03Z,6,none,True,False,,,UC9Qu6o04oTf-b2acahQVk1g,0 days 00:02:28,148.0
DjjvZZehpQE,Ugx8cUOGiOY96b15bed4AaABAg,@AnaMariaBezerra-hb5ji,http://www.youtube.com/@AnaMariaBezerra-hb5ji,UCNxBX04c5StPnf9rtPB6i8Q,CadÃª o matinho agente estÃ¡ preucupado com ele na vida real ğŸ˜¢,2024-09-04 15:14:02+00:00,2024-09-04T15:14:02Z,7,none,True,False,,,UC9Qu6o04oTf-b2acahQVk1g,0 days 00:02:59,179.0
DjjvZZehpQE,Ugyfc_zaSUgosqQBJHp4AaABAg,@WeslleyCaldas-h3j,http://www.youtube.com/@WeslleyCaldas-h3j,UCqbNx3KlQkkLndrE07YNMTQ,Oi Kas oi kr meu nome Ã© Davi Alves caldas  posso ser da famÃ­lia kk  vou toser por vocÃª sâ¤â¤â¤â¤â¤â¤â¤â¤â¤â¤â¤â¤â¤â¤â¤â¤â¤â¤â¤â¤â¤â¤â¤â¤â¤â¤â¤â¤â¤â¤â¤â¤â¤â¤â¤â¤â¤â¤â¤â¤â¤â¤â¤â¤â¤â¤â¤â¤â¤â¤ğŸ‘â¤ï¸â¤ï¸â¤ï¸â¤ï¸â¤ï¸â¤ï¸â¤ï¸â¤ï¸â¤ï¸â¤ï¸â¤ï¸ğŸ˜ğŸ˜ğŸ˜ğŸ˜ğŸ˜ğŸ˜ğŸ˜ğŸ˜ğŸ˜ğŸ˜ğŸ˜ğŸ˜ğŸ˜ğŸ˜ğŸ˜ğŸ˜ğŸ˜,2024-09-04 15:16:49+00:00,2024-09-04T15:16:49Z,2,none,True,False,,,UC9Qu6o04oTf-b2acahQVk1g,0 days 00:02:47,167.0
DjjvZZehpQE,UgwVTTSsWXhgnCLShuV4AaABAg,@sophiacruz4828,http://www.youtube.com/@sophiacruz4828,UCL4QSrh6eAsjQp1i12OMFwg,Esse Ã© o melhor canal do mundo â¤â¤â¤â¤â¤ğŸ˜ŠğŸ˜ŠğŸ˜Š,2024-09-04 15:27:17+00:00,2024-09-04T15:27:17Z,10,none,True,False,,,UC9Qu6o04oTf-b2acahQVk1g,0 days 00:10:28,628.0
DjjvZZehpQE,Ugx-isHRYKcR07CycBd4AaABAg,@EduardaSaraiva-d2d,http://www.youtube.com/@EduardaSaraiva-d2d,UCSxSTcs-ZBxO5ZoASSxwCyw,Kass e kr ğŸ˜ğŸ˜,2024-09-04 15:31:26+00:00,2024-09-04T15:31:26Z,2,none,True,False,,,UC9Qu6o04oTf-b2acahQVk1g,0 days 00:04:09,249.0
DjjvZZehpQE,UgwIUsaqKcBGTlnMqPN4AaABAg,@LARISSADAINELA2024,http://www.youtube.com/@LARISSADAINELA2024,UC4CPcPNWoXQ2u-NXe43J5zw,Oiiii,2024-09-04 15:43:41+00:00,2024-09-04T15:43:41Z,3,none,True,False,,,UC9Qu6o04oTf-b2acahQVk1g,0 days 00:12:15,735.0
DjjvZZehpQE,Ugx9LaeOrAze0BmRszp4AaABAg,@RivelinopereiradearaujoRive,http://www.youtube.com/@RivelinopereiradearaujoRive,UCUK1z94-bPX9EzHTEtYTabA,ğŸ˜‚ eu gosto de assistir o seu canal prÃ¡tica e vou dar um like aÃ­ no vÃ­deo,2024-09-04 15:44:46+00:00,2024-09-04T15:44:46Z,3,none,True,False,,,UC9Qu6o04oTf-b2acahQVk1g,0 days 00:01:05,65.0
DjjvZZehpQE,Ugyxw-hW5uZGOAhIkwZ4AaABAg,@IzadoraKiryaGouveaLamarca,http://www.youtube.com/@IzadoraKiryaGouveaLamarca,UC6zRWWBw43Eu7Vwe94imzkA,Cedo!!,2024-09-04 16:10:02+00:00,2024-09-04T16:10:02Z,2,none,True,False,,,UC9Qu6o04oTf-b2acahQVk1g,0 days 00:25:16,1516.0
DjjvZZehpQE,UgwVRtcI5raVo_KyJF54AaABAg,@JoseAmarodonascimentoJos-eq2eg,http://www.youtube.com/@JoseAmarodonascimentoJos-eq2eg,UCQ5UeBR9x4reYbWopGVBKRQ,ğŸ˜˜ğŸ˜˜ğŸ˜˜ğŸ˜˜ğŸ˜˜ğŸ˜˜ğŸ˜˜ğŸ˜˜ğŸ˜˜ğŸ˜˜ğŸ˜˜ğŸ˜˜ğŸ˜˜ğŸ˜˜ğŸ¥°ğŸ¥°ğŸ¥°ğŸ¥°ğŸ¥°ğŸ¥°ğŸ¥°ğŸ¥°ğŸ¥°ğŸ¥°ğŸ¥°ğŸ¥°ğŸ¥°ğŸ¥°ğŸ¥°ğŸ¥°ğŸ¥°ğŸ¥°ğŸ¥°ğŸ¥°,2024-09-04 16:12:35+00:00,2024-09-04T16:12:35Z,1,none,True,False,,,UC9Qu6o04oTf-b2acahQVk1g,0 days 00:02:33,153.0
DjjvZZehpQE,UgztM2cEdcV1OP-0Rxh4AaABAg,@LucianaBrecha,http://www.youtube.com/@LucianaBrecha,UCEvZBEkmvq4XFKYnAVf6BjQ,â¤â¤â¤â¤â¤â¤â¤â¤â¤â¤â¤â¤â¤â¤â¤â¤â¤â¤â¤â¤â¤â¤ğŸ˜ŠğŸ˜ŠğŸ˜ŠğŸ˜ŠğŸ˜ŠğŸ˜ŠğŸ˜ŠğŸ˜ŠğŸ˜ŠğŸ˜ŠğŸ‰ğŸ‰ğŸ‰ğŸ‰ğŸ‰ğŸ‰ğŸ‰ğŸ‰ol,2024-09-04 16:23:10+00:00,2024-09-04T16:23:10Z,0,none,True,False,,,UC9Qu6o04oTf-b2acahQVk1g,0 days 00:10:35,635.0
DjjvZZehpQE,Ugx7MGAazl4k_MNSLpt4AaABAg,@WalkyriaGoncalvesPereira,http://www.youtube.com/@WalkyriaGoncalvesPereira,UCgAkMrlbgiDF1PTq-nATMQA,Porque o marinho ele   tÃ¡ faltando em todo vÃ­deo,2024-09-04 16:27:21+00:00,2024-09-04T16:27:21Z,1,none,True,False,,,UC9Qu6o04oTf-b2acahQVk1g,0 days 00:04:11,251.0
DjjvZZehpQE,UgyFQd1L9Y08UU19xO54AaABAg,@ryancamargotoysgames4996,http://www.youtube.com/@ryancamargotoysgames4996,UCXXf45-s0TEKJ3pyrUgh1-g,*Oii* *kass* *e* *Kr* ğŸ’™â¤ï¸ğŸ’™â¤ï¸,2024-09-04 17:28:43+00:00,2024-09-04T17:28:43Z,1,none,True,False,,,UC9Qu6o04oTf-b2acahQVk1g,0 days 01:01:22,3682.0
DjjvZZehpQE,UgwKnbliisc3V1TEX994AaABAg,@elivaniaconsolacaoalmeida2081,http://www.youtube.com/@elivaniaconsolacaoalmeida2081,UCAUYZrK_LWxrAoJvuaSC_gA,ğŸ‰ğŸ‰ğŸ‰,2024-09-04 17:34:43+00:00,2024-09-04T17:34:43Z,0,none,True,False,,,UC9Qu6o04oTf-b2acahQVk1g,0 days 00:06:00,360.0
DjjvZZehpQE,UgznO2NzY6_GZwnGaDF4AaABAg,@cleitonrosa8885,http://www.youtube.com/@cleitonrosa8885,UCjqzF-pTm-vCN8Le9pgTQtA,Oi Kas e KR eu soseufam,2024-09-04 17:37:44+00:00,2024-09-04T17:37:44Z,2,none,True,False,,,UC9Qu6o04oTf-b2acahQVk1g,0 days 00:03:01,181.0
DjjvZZehpQE,UgwSrpWnq_IoapJghyF4AaABAg,@UwU____UwU_y2,http://www.youtube.com/@UwU____UwU_y2,UCvRlKBvsx4RUo5bipcsS0Xw,"Ameiiiiiii â¤ï¸ğŸ’™â¤ï¸ğŸ’™â¤ï¸ğŸ’™â¤ï¸ğŸ’™ voltem a fazer vÃ­deos de ""invadindo festas"" igual os de 2022 pfvr!!ğŸ’™â¤ï¸",2024-09-04 18:28:42+00:00,2024-09-04T18:28:42Z,12,none,True,False,,,UC9Qu6o04oTf-b2acahQVk1g,0 days 00:50:58,3058.0
DjjvZZehpQE,UgwE2AOPCfLet0PP0CF4AaABAg,@ManuPorto-h8u,http://www.youtube.com/@ManuPorto-h8u,UC505ILZiLGo0Sn8zSqnkIwA,ğŸ’™oi,2024-09-04 18:34:50+00:00,2024-09-04T18:34:50Z,1,none,True,False,,,UC9Qu6o04oTf-b2acahQVk1g,0 days 00:06:08,368.0
DjjvZZehpQE,Ugw5cb8bJWnUI6Hy8WB4AaABAg,@Mt7_renanzin,http://www.youtube.com/@Mt7_renanzin,UCaIpJZCX1KWHLol4JqWNxVQ,A voz do cab parece a voz do cavinz,2024-09-04 18:43:14+00:00,2024-09-04T18:43:14Z,2,none,True,False,,,UC9Qu6o04oTf-b2acahQVk1g,0 days 00:08:24,504.0
DjjvZZehpQE,UgzOQyt_a2Cj_PWQ1vN4AaABAg,@trilhas_trilhas,http://www.youtube.com/@trilhas_trilhas,UC9TZelpQhWvssAWftG-pf7w,Amei esse vÃ­deo â¤â¤â¤â¤,2024-09-04 20:02:16+00:00,2024-09-04T20:02:16Z,10,none,True,False,,,UC9Qu6o04oTf-b2acahQVk1g,0 days 01:19:02,4742.0
DjjvZZehpQE,UgyujyHJo9zk0P0f5_t4AaABAg.A7yU-B1_CFQA7z3cAj3XLK,@joseamaral6829,http://www.youtube.com/@joseamaral6829,UCVtpa0PFju4WZM2IPGFOgHA,ğŸ˜‚ğŸ˜‚ğŸ˜‚ğŸ˜‚ğŸ˜‚ğŸ˜‚ğŸ˜‚ğŸ‰ğŸ‰ğŸ‰ğŸ‰ğŸ˜…ğŸ˜Š,2024-09-04 20:31:25+00:00,2024-09-04T20:31:25Z,1,none,True,True,UgyujyHJo9zk0P0f5_t4AaABAg,https://yt3.ggpht.com/ytc/AIdro_l8ua1iU3g8BbHEOTmayUvYqRwTK2VRQkWHSgUWbrOgMQ=s48-c-k-c0x00ffffff-no-rj,UC9Qu6o04oTf-b2acahQVk1g,0 days 00:29:09,1749.0
DjjvZZehpQE,UgyNlc1UZVvHVyh5nT14AaABAg,@angelavenaspedreira458,http://www.youtube.com/@angelavenaspedreira458,UCGyM1KneiUvTpcOyydGGVIw,veio cadÃª o Matinho?,2024-09-04 21:03:15+00:00,2024-09-04T21:03:15Z,1,none,True,False,,,UC9Qu6o04oTf-b2acahQVk1g,0 days 00:31:50,1910.0
DjjvZZehpQE,UgweELqK5Mdg-FF8i0B4AaABAg,@moisesvieira5886,http://www.youtube.com/@moisesvieira5886,UCbM-Gv9MX7DN1dV0QKDUzOA,o vÃ­deo de vocÃªs sÃ£o os melhores vÃ­deo osğŸ’‹,2024-09-04 21:05:42+00:00,2024-09-04T21:05:42Z,10,none,True,False,,,UC9Qu6o04oTf-b2acahQVk1g,0 days 00:02:27,147.0
DjjvZZehpQE,UgyWAKiDqSmYWux71ot4AaABAg,@julianaaparecida6054,http://www.youtube.com/@julianaaparecida6054,UCT9nlqOfuyG5km5ZlrCsB4g,"Mais esta faltando  oğŸ˜ğŸ¤”ğŸ¤”ğŸ¤”    Matinho serÃ¡ que o matinho nÃ£o ,Ã© amigo delesğŸ¤”ğŸ¥ºğŸ¥º",2024-09-04 21:16:57+00:00,2024-09-04T21:16:57Z,3,none,True,False,,,UC9Qu6o04oTf-b2acahQVk1g,0 days 00:11:15,675.0
DjjvZZehpQE,Ugz1RaO-HHnmF_XVmUJ4AaABAg,@lucicleidepereira8869,http://www.youtube.com/@lucicleidepereira8869,UClnI3qKqYnruvUYVpI5Y5SA,A menina nÃ£o,2024-09-04 21:23:36+00:00,2024-09-04T21:23:36Z,2,none,True,False,,,UC9Qu6o04oTf-b2acahQVk1g,0 days 00:06:39,399.0
DjjvZZehpQE,UgxJTWxT9bEo70S0hb14AaABAg,@erenildasembem11,http://www.youtube.com/@erenildasembem11,UCrTn1-QD9TvizY3GwLxr-1w,Ã‰  e o matinho,2024-09-04 21:28:10+00:00,2024-09-04T21:28:10Z,2,none,True,False,,,UC9Qu6o04oTf-b2acahQVk1g,0 days 00:04:34,274.0
DjjvZZehpQE,UgycNrFMxfw-gLiY2hR4AaABAg,@Miguelzinhox5z,http://www.youtube.com/@Miguelzinhox5z,UCrWr_t-jEg63nt6i5-AKORA,E o matinho 7:34,2024-09-04 22:17:44+00:00,2024-09-04T22:17:44Z,1,none,True,False,,,UC9Qu6o04oTf-b2acahQVk1g,0 days 00:49:34,2974.0
DjjvZZehpQE,UgwSrpWnq_IoapJghyF4AaABAg.A7yq_OM8VCWA7zG0iVvjPX,@blogLili244wlili,http://www.youtube.com/@blogLili244wlili,UCRY574Nwhl3ErtsSzTiGl3w,â¤â¤â¤â¤â¤â¤â¤â¤â¤ğŸ˜ŠğŸ˜ŠğŸ˜ŠğŸ˜ŠğŸ˜Š,2024-09-04 22:19:46+00:00,2024-09-04T22:19:46Z,0,none,True,True,UgwSrpWnq_IoapJghyF4AaABAg,https://yt3.ggpht.com/jYvz6lBWOZkrGF5eFF1C1R4HtcELia3HlBlV7JhjuUiLkuRpW5uotchyyOAim-KqwHIl_8rVog=s48-c-k-c0x00ffffff-no-rj,UC9Qu6o04oTf-b2acahQVk1g,0 days 00:02:02,122.0
DjjvZZehpQE,UgwtUitwKpYbOi9sA0V4AaABAg,@marsilva9578,http://www.youtube.com/@marsilva9578,UCzNnfoZlb9UR4gNBLxj-iqA,Kass e kr cadÃª o matinho,2024-09-04 23:10:24+00:00,2024-09-04T23:10:24Z,4,none,True,False,,,UC9Qu6o04oTf-b2acahQVk1g,0 days 00:50:38,3038.0
DjjvZZehpQE,UgzD-lBEiVmNvPaKhDh4AaABAg,@DaviCleriston,http://www.youtube.com/@DaviCleriston,UCbBgs945P0zxaGMs_4SzxPQ,Cade o matinhoğŸ˜¢ğŸ˜Š,2024-09-04 23:33:42+00:00,2024-09-04T23:33:42Z,2,none,True,False,,,UC9Qu6o04oTf-b2acahQVk1g,0 days 00:23:18,1398.0
DjjvZZehpQE,Ugzts9-RLiC7FwuRrWx4AaABAg,@aliciasantos6495,http://www.youtube.com/@aliciasantos6495,UCNpviEYYkenL8vWmZIEnA0A,EUTEAMO eu te amo Alicia,2024-09-04 23:36:57+00:00,2024-09-04T23:36:57Z,1,none,True,False,,,UC9Qu6o04oTf-b2acahQVk1g,0 days 00:03:15,195.0
DjjvZZehpQE,Ugy3ugbKVJec1lxuChx4AaABAg,@fabianesilvaviana3146,http://www.youtube.com/@fabianesilvaviana3146,UCPyLoZ1S2euV_ZmI_5ApJOA,Oi  kass  e  kr  cabesa  deverto  o  kassfasumvidio  sotrolardo  o  kr  o  diairteira,2024-09-04 23:41:32+00:00,2024-09-04T23:41:32Z,0,none,True,False,,,UC9Qu6o04oTf-b2acahQVk1g,0 days 00:04:35,275.0
DjjvZZehpQE,UgyvY6nbvbSeYlDAIxp4AaABAg,@rayannymayara9036,http://www.youtube.com/@rayannymayara9036,UCvYSInLt6pdT3qaXi6Ip01w,Olkass-e-krâ¤ğŸ’™,2024-09-05 00:12:46+00:00,2024-09-05T00:12:46Z,1,none,True,False,,,UC9Qu6o04oTf-b2acahQVk1g,0 days 00:31:14,1874.0
DjjvZZehpQE,UgywNSRAReJh0wjE5214AaABAg,@salvadorramosproducoes8077,http://www.youtube.com/@salvadorramosproducoes8077,UCoWyhNGzcQIxFcOoK_G4Azg,ğŸ˜‚ğŸ˜‚ğŸ˜‚ğŸ˜‚ğŸ˜…ğŸ˜…ğŸ˜ŠğŸ˜ŠğŸ˜Šâ¤â¤â¤ğŸ˜®ğŸ˜®ğŸ˜®ğŸ˜®,2024-09-05 00:20:16+00:00,2024-09-05T00:20:16Z,3,none,True,False,,,UC9Qu6o04oTf-b2acahQVk1g,0 days 00:07:30,450.0
DjjvZZehpQE,UgzeLJ4qkRThYM_qyap4AaABAg,@salvadorramosproducoes8077,http://www.youtube.com/@salvadorramosproducoes8077,UCoWyhNGzcQIxFcOoK_G4Azg,Verdade  â¤â¤â¤ğŸ˜‚ğŸ˜‚ğŸ˜‚ğŸ˜®ğŸ˜®ğŸ˜®ğŸ˜ŠğŸ˜ŠğŸ˜ŠğŸ˜Š,2024-09-05 00:22:20+00:00,2024-09-05T00:22:20Z,2,none,True,False,,,UC9Qu6o04oTf-b2acahQVk1g,0 days 00:02:04,124.0
DjjvZZehpQE,UgwifzSkzYc_Wp5MGD54AaABAg,@rosyhonorio7026,http://www.youtube.com/@rosyhonorio7026,UCGfkmnh-0eWiDsS3iR2WE4g,CadÃª o maninho ğŸ˜¢ğŸ˜¢ğŸ˜¢ğŸ˜¢ğŸ˜¢ğŸ˜¢,2024-09-05 00:49:13+00:00,2024-09-05T00:49:13Z,2,none,True,False,,,UC9Qu6o04oTf-b2acahQVk1g,0 days 00:26:53,1613.0
DjjvZZehpQE,UgxcX5wQet0gjLS5XzF4AaABAg,@willyamgabriel6202,http://www.youtube.com/@willyamgabriel6202,UCLr0LCZcObs5lmalaO8nCuA,E O MATINHO,2024-09-05 02:02:15+00:00,2024-09-05T02:02:15Z,1,none,True,False,,,UC9Qu6o04oTf-b2acahQVk1g,0 days 01:13:02,4382.0
DjjvZZehpQE,Ugy4ucTVlOMW8mjwV3V4AaABAg,@RomenilsonNil-qj3nz,http://www.youtube.com/@RomenilsonNil-qj3nz,UC4l9p4wGSl26ERbAtF7SgMw,â¤â¤â¤â¤,2024-09-05 03:26:00+00:00,2024-09-05T03:26:00Z,2,none,True,False,,,UC9Qu6o04oTf-b2acahQVk1g,0 days 01:23:45,5025.0
DjjvZZehpQE,UgwVlhm_6Go-kmK9g4h4AaABAg,@MiguelArcanjo-m5i,http://www.youtube.com/@MiguelArcanjo-m5i,UCCUqnac6nHLHDpTbjQCIqnw,â¤â¤â¤â¤,2024-09-05 03:35:17+00:00,2024-09-05T03:35:17Z,1,none,True,False,,,UC9Qu6o04oTf-b2acahQVk1g,0 days 00:09:17,557.0
DjjvZZehpQE,UgygzUQhT4cMpdtz8Zd4AaABAg,@Tallys-v5u,http://www.youtube.com/@Tallys-v5u,UCh0BS96jXk08s7g0wtDdy5Q,O canal de vocÃªs Ã© o canal mais melhor do mundoğŸ‰ğŸ‰ğŸ‰ğŸ˜Šâ¤,2024-09-05 12:33:13+00:00,2024-09-05T12:33:13Z,6,none,True,False,,,UC9Qu6o04oTf-b2acahQVk1g,0 days 08:57:56,32276.0
DjjvZZehpQE,UgwExRtkaBE7uN5rht94AaABAg,@SilvanoRei-v7h,http://www.youtube.com/@SilvanoRei-v7h,UCsfkBogcZJOtoZXrQnnX6og,Luiz â¤ğŸ’™â™¥ï¸ğŸ’™â™¥ï¸ğŸ’™â™¥ï¸ğŸ’™â™¥ï¸ğŸ’™â™¥ï¸ğŸ’™â™¥ï¸ğŸ’™â™¥ï¸ğŸ’™â™¥ï¸ğŸ’™â™¥ï¸ğŸ’™â™¥ï¸ğŸ‘,2024-09-05 14:06:58+00:00,2024-09-05T14:06:58Z,2,none,True,False,,,UC9Qu6o04oTf-b2acahQVk1g,0 days 01:33:45,5625.0
DjjvZZehpQE,Ugy67dtOgWfsqqoFWzF4AaABAg,@KodGhzin,http://www.youtube.com/@KodGhzin,UCp9P_kzawEqVsqoTUchUSYQ,Oi kss e krğŸ˜ŠğŸ˜Šâ¤â¤ğŸ˜ŠğŸ˜Šâ¤â¤ğŸ˜ŠğŸ˜ŠğŸ˜ŠğŸ‰ğŸ‰ğŸ˜®ğŸ˜®,2024-09-05 15:32:43+00:00,2024-09-05T15:32:43Z,3,none,True,False,,,UC9Qu6o04oTf-b2acahQVk1g,0 days 01:25:45,5145.0
DjjvZZehpQE,UgyujyHJo9zk0P0f5_t4AaABAg.A7yU-B1_CFQA80CnsVeeKf,@FÃƒdobert,http://www.youtube.com/@F%C3%83dobert,UCTPBltajrr0RMNk9PvdbFZA,vdd,2024-09-05 16:30:08+00:00,2024-09-05T16:30:08Z,1,none,True,True,UgyujyHJo9zk0P0f5_t4AaABAg,https://yt3.ggpht.com/JaEjOl9hSX-62R9Zm8nlyd5JkvGlFdCPw0FGHdwciGvkyYqzfgSYPgltRlWsxY1lEDC8jASUWIs=s48-c-k-c0x00ffffff-no-rj,UC9Qu6o04oTf-b2acahQVk1g,0 days 00:57:25,3445.0
DjjvZZehpQE,UgzUjOIJjTZvMTAQQRR4AaABAg,@FÃƒdobert,http://www.youtube.com/@F%C3%83dobert,UCTPBltajrr0RMNk9PvdbFZA,CadÃª oh matinho ?,2024-09-05 16:30:26+00:00,2024-09-05T16:30:26Z,0,none,True,False,,,UC9Qu6o04oTf-b2acahQVk1g,0 days 00:00:18,18.0
DjjvZZehpQE,UgyujyHJo9zk0P0f5_t4AaABAg.A7yU-B1_CFQA80LN51M_Vn,@DaianeCartorio,http://www.youtube.com/@DaianeCartorio,UCidFztAwKbIwbllshP4IXAw,"Vxd

â¤â€‹@@joseamaral6829",2024-09-05 17:45:00+00:00,2024-09-05T17:45:00Z,0,none,True,True,UgyujyHJo9zk0P0f5_t4AaABAg,https://yt3.ggpht.com/ytc/AIdro_kQnWSAD6Gm3-wtlJwdGQ5jT55-cFBUBsNuleFX8xZm76T3ar1J01mTypF-cd73dN1eDg=s48-c-k-c0x00ffffff-no-rj,UC9Qu6o04oTf-b2acahQVk1g,0 days 01:14:34,4474.0
DjjvZZehpQE,UgyKoOgxX_1QcLJ0WPR4AaABAg,@SilvinhaRodrigues-ui9rj,http://www.youtube.com/@SilvinhaRodrigues-ui9rj,UCJkG1Qt751hIu8DfusAqxPQ,E faltou o mar o que Ã© 5,2024-09-05 18:14:28+00:00,2024-09-05T18:14:28Z,1,none,True,False,,,UC9Qu6o04oTf-b2acahQVk1g,0 days 00:29:28,1768.0
DjjvZZehpQE,Ugzi7c9MbCz1jBt-QZJ4AaABAg,@inesnunes8272,http://www.youtube.com/@inesnunes8272,UCGxcN8r7VRVo7NH1_V1cjZA,EstÃ£o esquecendo o matinho tadinho dele ele era tÃ£o engraÃ§adinho ğŸ˜¢,2024-09-05 22:01:16+00:00,2024-09-05T22:01:16Z,3,none,True,False,,,UC9Qu6o04oTf-b2acahQVk1g,0 days 03:46:48,13608.0
DjjvZZehpQE,UgzbfAGz_U6-YrFJvFR4AaABAg,@BrendaannabarbosaBrendab-ch3or,http://www.youtube.com/@BrendaannabarbosaBrendab-ch3or,UCiFsiOyD6OzREh-tsg7qxVQ,kAYRoNâ¤ğŸ˜‚ğŸ‰ğŸ˜¢ğŸ˜®ğŸ˜…ğŸ˜Š,2024-09-05 22:37:19+00:00,2024-09-05T22:37:19Z,1,none,True,False,,,UC9Qu6o04oTf-b2acahQVk1g,0 days 00:36:03,2163.0
DjjvZZehpQE,UgyujyHJo9zk0P0f5_t4AaABAg.A7yU-B1_CFQA80yYIG2tt2,@joseadaoalvespinto6217,http://www.youtube.com/@joseadaoalvespinto6217,UCPh2SLRarDAjgDyHclgylnw,Vdd mn,2024-09-05 23:36:03+00:00,2024-09-05T23:36:03Z,0,none,True,True,UgyujyHJo9zk0P0f5_t4AaABAg,https://yt3.ggpht.com/ytc/AIdro_lq0OEl79RjUbYDJlGRIF8s4XWZ6LKRd391M2E0eCEv2ZI=s48-c-k-c0x00ffffff-no-rj,UC9Qu6o04oTf-b2acahQVk1g,0 days 00:58:44,3524.0
DjjvZZehpQE,UgyujyHJo9zk0P0f5_t4AaABAg.A7yU-B1_CFQA80y_SqTwNC,@joseadaoalvespinto6217,http://www.youtube.com/@joseadaoalvespinto6217,UCPh2SLRarDAjgDyHclgylnw,0:26 0:26 0:26 0:26 0:26 0:26 0:26 0:26 0:26 0:26 0:26 0:26 0:26 0:26 0:26 0:26 0:26 0:26 0:26 0:26 0:26 0:26 0:26 0:26 0:26 0:26 0:26,2024-09-05 23:36:20+00:00,2024-09-05T23:36:20Z,0,none,True,True,UgyujyHJo9zk0P0f5_t4AaABAg,https://yt3.ggpht.com/ytc/AIdro_lq0OEl79RjUbYDJlGRIF8s4XWZ6LKRd391M2E0eCEv2ZI=s48-c-k-c0x00ffffff-no-rj,UC9Qu6o04oTf-b2acahQVk1g,0 days 00:00:17,17.0
DjjvZZehpQE,UgwVbvgkPzju-BCUJix4AaABAg,@joseadaoalvespinto6217,http://www.youtube.com/@joseadaoalvespinto6217,UCPh2SLRarDAjgDyHclgylnw,"Amo vcs turma do Kass  e  kr













0:26 0:26 0:26 0:26 0:26 0:26 0:26 0:26 0:26 0:26 0:26 0:26 0:26 0:26 0:26 0:26 0:26 0:26 0:26 0:26 0:26",2024-09-05 23:37:25+00:00,2024-09-05T23:37:25Z,2,none,True,False,,,UC9Qu6o04oTf-b2acahQVk1g,0 days 00:01:05,65.0
DjjvZZehpQE,UgyujyHJo9zk0P0f5_t4AaABAg.A7yU-B1_CFQA81-2cQPV5Q,@JoseDomiciano-qg9ok,http://www.youtube.com/@JoseDomiciano-qg9ok,UCDoXMRaALnyqOdcs2o1gwhw,1Ã³ğŸ˜Šâ€‹@@FÃƒdobert,2024-09-05 23:49:12+00:00,2024-09-05T23:49:12Z,0,none,True,True,UgyujyHJo9zk0P0f5_t4AaABAg,https://yt3.ggpht.com/ytc/AIdro_kjUVrqCB6UWF75gLzU932nE3hFxWgq9DnF2J5ZgTdjAIb7ONkpz4bBRKOhrX02vgoUJA=s48-c-k-c0x00ffffff-no-rj,UC9Qu6o04oTf-b2acahQVk1g,0 days 00:11:47,707.0
DjjvZZehpQE,UgwANipXIhEbw0KZKf94AaABAg,@Rafael-f4s,http://www.youtube.com/@Rafael-f4s,UCpDW3YlkNssU9owbtmuHyEQ,eu sou seu fÃ£ â¤â¤â¤â¤,2024-09-06 11:54:13+00:00,2024-09-06T11:54:13Z,0,none,True,False,,,UC9Qu6o04oTf-b2acahQVk1g,0 days 12:05:01,43501.0
DjjvZZehpQE,UgwZUAoy9E3FxnKuzpx4AaABAg,@CristianOliveiraSantos-e9p,http://www.youtube.com/@CristianOliveiraSantos-e9p,UCH7_8EzqWk16bpXuoGLYLfw,HA kkkkkkkkkkk,2024-09-08 01:43:36+00:00,2024-09-08T01:43:36Z,0,none,True,False,,,UC9Qu6o04oTf-b2acahQVk1g,1 days 13:49:23,136163.0
DjjvZZehpQE,Ugx1cgbQTR-olM5MK_54AaABAg,@ElizandraPalmiraFeijÃ³baltazarb,http://www.youtube.com/@ElizandraPalmiraFeij%C3%B3baltazarb,UCnxnJ7CBVpTj9ua_eWasddw,"Uyvbjiubbhkoij, ğŸ¤ğŸ˜…ğŸ˜Šâ¤ğŸ˜‚ğŸ‰ğŸ˜¢ğŸ˜®ğŸ˜…ğŸ˜Š",2024-09-08 21:07:23+00:00,2024-09-08T21:07:23Z,0,none,True,False,,,UC9Qu6o04oTf-b2acahQVk1g,0 days 19:23:47,69827.0
DjjvZZehpQE,Ugy_H2zVSsDcToXnbBR4AaABAg,@liligames.9,http://www.youtube.com/@liligames.9,UCcf7ULIoif2ZeB3S6KF3yJA,Y retaguarda o meu descanso e a minha linda vida maravilhosa famÃ­lia e um â˜ï¸ feliz paz do Senhor ğŸ˜‚venha ğŸ‰me faz ğŸ‰sentir ğŸ˜‚saudades ğŸ˜‚da vida ğŸ˜‚ğŸ˜Šâ¤ğŸ˜ŠğŸ˜‚ğŸ˜…a sua vida linda a sua AtÃ© do morte do homem seu Deus verdade a vida sua uma pessoa nÃ£o ğŸ§‘ a 27.05 de sua mÃ£e que,2024-09-09 19:12:52+00:00,2024-09-09T19:12:52Z,1,none,True,False,,,UC9Qu6o04oTf-b2acahQVk1g,0 days 22:05:29,79529.0
DjjvZZehpQE,UgwuZ7dR1GF-JNB8pCt4AaABAg,@dianareginareginaldo5393,http://www.youtube.com/@dianareginareginaldo5393,UCPTwbrBftfkm6uIB5zS2xwA,â¤â¤â¤â¤â¤â¤â¤â¤â¤â¤â¤â¤â¤â¤EU SOU O SEU MAIOR FÃƒ,2024-09-09 23:33:21+00:00,2024-09-09T23:33:21Z,0,none,True,False,,,UC9Qu6o04oTf-b2acahQVk1g,0 days 04:20:29,15629.0
DjjvZZehpQE,Ugwn1hWRkgO8rxw0BWd4AaABAg,@NaideSantana-p7y,http://www.youtube.com/@NaideSantana-p7y,UCuDjefd_ew-tEWnMLSM8uvg,E O MATINHO,2024-09-10 00:13:18+00:00,2024-09-10T00:13:18Z,0,none,True,False,,,UC9Qu6o04oTf-b2acahQVk1g,0 days 00:39:57,2397.0
DjjvZZehpQE,Ugy_Xwa80Von0yJMDix4AaABAg,@pauloantoniofreitasfaria3731,http://www.youtube.com/@pauloantoniofreitasfaria3731,UCXuDeVxGpXfPU6puX_zl28g,CadÃª o matinho,2024-09-11 00:07:42+00:00,2024-09-11T00:07:42Z,0,none,True,False,,,UC9Qu6o04oTf-b2acahQVk1g,0 days 23:54:24,86064.0
DjjvZZehpQE,Ugx61pqhFkHWUmFziJN4AaABAg,@DrykaSilva-u3p,http://www.youtube.com/@DrykaSilva-u3p,UCkXMK6YTF6TMMllJiACABJg,Por que  a  fay e  o matiu nÃ£o estÃ£o no  vÃ­deo  de vocÃªs ğŸ˜¢ğŸ˜­ğŸ˜ğŸ˜ğŸ˜¾ğŸ˜¡ğŸ˜¤,2024-09-12 20:12:58+00:00,2024-09-12T20:12:58Z,1,none,True,False,,,UC9Qu6o04oTf-b2acahQVk1g,1 days 20:05:16,158716.0
DjjvZZehpQE,Ugx61pqhFkHWUmFziJN4AaABAg.A8Ics4PejkpA8IdS4pFtHA,@DrykaSilva-u3p,http://www.youtube.com/@DrykaSilva-u3p,UCkXMK6YTF6TMMllJiACABJg,Eu quero  que o  matinho  volte logo  eu gostava dele ğŸ˜­ğŸ˜­ğŸ˜­ğŸ˜¢ğŸ˜¢ğŸ˜£ğŸ˜£ğŸ˜ğŸ˜¿,2024-09-12 20:18:02+00:00,2024-09-12T20:18:02Z,1,none,True,True,Ugx61pqhFkHWUmFziJN4AaABAg,https://yt3.ggpht.com/ytc/AIdro_mQEHeFdit8DCqFxmJdNxieUdmln03KSeGvb-KPkxKUOaJ1ItZl4CLGlAugfCE-iXUMWg=s48-c-k-c0x00ffffff-no-rj,UC9Qu6o04oTf-b2acahQVk1g,0 days 00:05:04,304.0
DjjvZZehpQE,UgzK8U6IJjb9-G0xKON4AaABAg,@DrykaSilva-u3p,http://www.youtube.com/@DrykaSilva-u3p,UCkXMK6YTF6TMMllJiACABJg,Matinho saudades ğŸ˜­ğŸ˜­ğŸ˜«ğŸ˜©ğŸ˜“,2024-09-12 20:23:01+00:00,2024-09-12T20:23:01Z,0,none,True,False,,,UC9Qu6o04oTf-b2acahQVk1g,0 days 00:04:59,299.0
DjjvZZehpQE,UgxGT5H_EwWOM-0394d4AaABAg,@DrykaSilva-u3p,http://www.youtube.com/@DrykaSilva-u3p,UCkXMK6YTF6TMMllJiACABJg,Como assim  6 sem a   fay ????,2024-09-12 22:16:45+00:00,2024-09-12T22:16:45Z,1,none,True,False,,,UC9Qu6o04oTf-b2acahQVk1g,0 days 01:53:44,6824.0
DjjvZZehpQE,UgzwoL4V9InS_VcrsIl4AaABAg,@margarethalves7103,http://www.youtube.com/@margarethalves7103,UCdjnBCUAwtJlb1rIC7IKXAA,Ai vocÃª Ã© muito legalğŸ˜‚,2024-09-13 18:27:52+00:00,2024-09-13T18:27:52Z,0,none,True,False,,,UC9Qu6o04oTf-b2acahQVk1g,0 days 20:11:07,72667.0
DjjvZZehpQE,UgzR0ef0UXqLkE5ugGB4AaABAg,@Annamey12,http://www.youtube.com/@Annamey12,UCOQLBWrXCl4pX65kW0_U06g,â¤,2024-09-16 14:45:23+00:00,2024-09-16T14:45:23Z,0,none,True,False,,,UC9Qu6o04oTf-b2acahQVk1g,2 days 20:17:31,245851.0
DjjvZZehpQE,UgyCAbAZ3_jzhjp4P7x4AaABAg.A7ySoigtPFQA8gU1n0hfep,@GuilhermeDeOliveira-q8n,http://www.youtube.com/@GuilhermeDeOliveira-q8n,UCIRLSq1WHeGS3ibnmHw1RFQ,Ei vocÃª entendeu eu tÃ´ falando vem aqui em la seu bocÃ³ 1115()3xğŸ’©ğŸ‘¿ğŸ‘¹ğŸ¤¬ğŸ™ˆgoa do mato meu nome Ã© JoÃ£o Guilherme,2024-09-22 11:48:04+00:00,2024-09-22T11:48:04Z,0,none,True,True,UgyCAbAZ3_jzhjp4P7x4AaABAg,https://yt3.ggpht.com/ytc/AIdro_lnBPtbP1wahUTibFBXckB9MmDz9iLbC7kjCu5F4WT8Mp6TLU2X-XMBvRB0tFwn3YlHnA=s48-c-k-c0x00ffffff-no-rj,UC9Qu6o04oTf-b2acahQVk1g,5 days 21:02:41,507761.0
DjjvZZehpQE,UgytAnMPEd85UPbu6-R4AaABAg,@VictoryaRezende-xpn,http://www.youtube.com/@VictoryaRezende-xpn,UCiFvkcJhKDxClP0sxmfflaA,Ah entÃ£o essa sÃ³ pensam no matinho oxe vocÃªs sÃ³ gostam do matinho aquele medroso vocÃªs nÃ£o gostam do kass e KR,2024-10-08 01:15:58+00:00,2024-10-08T01:15:58Z,0,none,True,False,,,UC9Qu6o04oTf-b2acahQVk1g,15 days 13:27:54,1344474.0
DjjvZZehpQE,Ugyj6SMUiUz0ZmBBfw94AaABAg,@RonildoCordeiro-b2z,http://www.youtube.com/@RonildoCordeiro-b2z,UC6z8C9r8x80EY71x9gg1XHw,"Vou ter um negÃ³cio para vocÃª 
ğŸ›â¬œâ¬œ
â¬œâ¬œâ¬œ
â¬œğŸâ¬œ
â¬œâ¬œâ¬œ
â¬œâ¬œâ¬œ
iPhone16",2024-11-05 19:34:49+00:00,2024-11-05T19:34:49Z,0,none,True,False,,,UC9Qu6o04oTf-b2acahQVk1g,28 days 18:18:51,2485131.0
DjjvZZehpQE,UgyrThdD28gmNg1b5f54AaABAg,@AlexJuvencio-zc2gr,http://www.youtube.com/@AlexJuvencio-zc2gr,UCE82RNDpJ0TGToaCf2cnuTQ,Matinho medroso,2024-11-12 15:17:24+00:00,2024-11-12T15:17:24Z,0,none,True,False,,,UC9Qu6o04oTf-b2acahQVk1g,6 days 19:42:35,589355.0
DjjvZZehpQE,UgxQgO8C4iniqajtOw94AaABAg,@JoserobertoSantos-m4m,http://www.youtube.com/@JoserobertoSantos-m4m,UCXiVfVF679sf5BEh948dlVA,CadÃª o medroso do MarquinhosğŸ˜‚â¤ğŸ˜Š,2024-11-14 15:36:09+00:00,2024-11-14T15:36:09Z,0,none,True,False,,,UC9Qu6o04oTf-b2acahQVk1g,2 days 00:18:45,173925.0
DjjvZZehpQE,UgylRpfWSuxgDrVAIOl4AaABAg,@reginadias4805,http://www.youtube.com/@reginadias4805,UC9cPWDG2dS8zZ_GeNxi6n5A,Kass i  kr cadÃª  a flai,2024-11-17 12:10:59+00:00,2024-11-17T12:10:59Z,0,none,True,False,,,UC9Qu6o04oTf-b2acahQVk1g,2 days 20:34:50,246890.0
DjjvZZehpQE,UgzpSp9GPioB7U96kp94AaABAg,@paulodasilva8720,http://www.youtube.com/@paulodasilva8720,UC-2SZVo6nNBO9GXWDJsyVgw,ğŸ˜…,2024-12-10 13:46:26+00:00,2024-12-10T13:46:26Z,0,none,True,False,,,UC9Qu6o04oTf-b2acahQVk1g,23 days 01:35:27,1992927.0
DjjvZZehpQE,Ugxe42RGSdAs4F8FoOp4AaABAg,@lindianaviana9210,http://www.youtube.com/@lindianaviana9210,UCvTNwQEr7YJjmbdlAaiwG6Q,ğŸ˜¡ğŸ˜¡ğŸ˜¡ğŸ˜¡ğŸ˜¡ğŸ˜¡ğŸ˜¡ğŸ˜¡ğŸ˜¡ğŸ˜¡ğŸ˜¡ğŸ˜¤ğŸ˜¤ğŸ˜¤ğŸ˜¤ğŸ˜¤,2025-01-15 20:23:47+00:00,2025-01-15T20:23:47Z,0,none,True,False,,,UC9Qu6o04oTf-b2acahQVk1g,36 days 06:37:21,3134241.0
DjjvZZehpQE,UgxO6YBh2lM78cx4F3h4AaABAg,@lindianaviana9210,http://www.youtube.com/@lindianaviana9210,UCvTNwQEr7YJjmbdlAaiwG6Q,ğŸ˜¡ğŸ˜¡ğŸ˜¡ğŸ˜¡ğŸ˜¡ğŸ˜¡ğŸ˜¡ğŸ˜¡ğŸ˜¡ğŸ˜¡ğŸ˜¡,2025-01-15 20:24:02+00:00,2025-01-15T20:24:02Z,0,none,True,False,,,UC9Qu6o04oTf-b2acahQVk1g,0 days 00:00:15,15.0
