video_id,comment_id,author,author_profile_image_url,author_channel_url,author_channel_id,comment,published_at,updated_at,like_count,viewer_rating,can_rate,is_reply,parent_id,roberta-neg,roberta-neu,roberta-pos,channel_id,inter-arrival-time,inter-arrival-time-seconds
RnDW_BRuodk,UgyuksJbxuAPJT1LAg14AaABAg,@Elo_lindinha,https://yt3.ggpht.com/Y_DgCQSVErSgswkaSo21vWMEIVhtA3y7G4FKw7gmHc9TTtZQOXUjQA4sHdjwbbvSvmu66qoD=s48-c-k-c0x00ffffff-no-rj,http://www.youtube.com/@Elo_lindinha,UCqwxz6G9edNhSGe0mvN3nAQ,Dei um like,2023-06-25 12:01:25+00:00,2023-06-25T12:01:25Z,1,none,True,False,,0.2048166990280151,0.632013738155365,0.163169577717781,UC9Qu6o04oTf-b2acahQVk1g,,
RnDW_BRuodk,UgxsYMYts9W_X4Xnt7l4AaABAg,@RyanLindo-1417,https://yt3.ggpht.com/f43yQSsFU4J1UXuH2NoblSCkdnhjjNhodsvNa1giK2lJx305CaXx4x-Gs-OZ7oQVFXw-MG8nCw=s48-c-k-c0x00ffffff-no-rj,http://www.youtube.com/@RyanLindo-1417,UCNYJLO44TNNxdUmmzTGmihA,Ameiiiii  e eu sou muito vossa f√£ e se eles me notarem eu desmaio‚ù§. E eu vos amo muito Kass e Kr‚ù§‚ù§üíõüíõ,2023-06-25 12:04:49+00:00,2023-06-25T12:05:13Z,4,none,True,False,,0.0152097316458821,0.4168544411659241,0.5679358243942261,UC9Qu6o04oTf-b2acahQVk1g,0 days 00:03:24,204.0
RnDW_BRuodk,UgxutvfeIYngVmn2BR14AaABAg,@kellycristiane3150,https://yt3.ggpht.com/ytc/AIdro_m4jJbEjL0SIaIOtfApQMcEAEbnC-hAy2naWEzpzZ-wcWvyVBEhmP2ZNn6PyBDPQpvKQA=s48-c-k-c0x00ffffff-no-rj,http://www.youtube.com/@kellycristiane3150,UCdNgINIqmcKDkuN_dchO1RQ,Que ingressado o porquinho do kess,2023-06-25 12:04:49+00:00,2023-06-25T12:04:49Z,2,none,True,False,,0.1190909519791603,0.8087713718414307,0.0721377059817314,UC9Qu6o04oTf-b2acahQVk1g,0 days 00:00:00,0.0
RnDW_BRuodk,UgyXQ809gcA_EMfeJox4AaABAg,@KauanLindao-rz8io,https://yt3.ggpht.com/ytc/AIdro_lstB3YH641mvD7c0F5CsIK1VohS5sGjDHznzqAxeFzDrKoh35mwiEQPb1tQwNdxYWaWA=s48-c-k-c0x00ffffff-no-rj,http://www.youtube.com/@KauanLindao-rz8io,UCOeBAwJkSCcBDZMaV8eGK8w,Adorei essa batalha,2023-06-25 12:16:47+00:00,2023-06-25T12:16:47Z,2,none,True,False,,0.1510320752859115,0.7432894706726074,0.105678491294384,UC9Qu6o04oTf-b2acahQVk1g,0 days 00:11:58,718.0
RnDW_BRuodk,Ugxu9B3z5MH4VoYktE14AaABAg,@MoisesSanto-io9tb,https://yt3.ggpht.com/ytc/AIdro_mNEAv5MPjwUYT_oMN-I_oKxZXRDcwTzQ5m2dLC8BLZIN_r2XL_arB8rM0NkGGWBLQJXQ=s48-c-k-c0x00ffffff-no-rj,http://www.youtube.com/@MoisesSanto-io9tb,UCfg0vohNpYPM-H9Bx1RCL1Q,A MINHA NOTA PRA PARA CASA DO KASS E 10,2023-06-25 12:17:14+00:00,2023-06-25T12:17:14Z,3,none,True,False,,0.1868237257003784,0.7477925419807434,0.0653837770223617,UC9Qu6o04oTf-b2acahQVk1g,0 days 00:00:27,27.0
RnDW_BRuodk,Ugw2mlbHX-H0m9rNu3Z4AaABAg,@ADRIELLYOLIVEIRA13,https://yt3.ggpht.com/VKKY-LQCjNTYKvt0CEvpDFATxuYTzefw4Td92pWDOSPbqotGCsG4o_96RXWkrhUk7h76eK3R=s48-c-k-c0x00ffffff-no-rj,http://www.youtube.com/@ADRIELLYOLIVEIRA13,UC0zcwzpf52tuoFX3LgQRiGQ,Kass eu sou muito f√£ de voc√™s mas eu n√£o gosto das trollagem que vc faz,2023-06-25 12:21:31+00:00,2023-06-25T12:21:31Z,1,none,True,False,,0.1477334052324295,0.8052709102630615,0.0469957143068313,UC9Qu6o04oTf-b2acahQVk1g,0 days 00:04:17,257.0
RnDW_BRuodk,UgxQnmO6EUqi-pKF8Z14AaABAg,@thauanyrodrigues2805,https://yt3.ggpht.com/5FJ8n_U4cAhgM4sCUJdhpcWiIFlXpULlNJbD9Fkbvx7YPCao3X9zdkWsa4HJqvSjtv2LeDy5=s48-c-k-c0x00ffffff-no-rj,http://www.youtube.com/@thauanyrodrigues2805,UCp7rUicSkNroR0llONWFxVA,Quem estiver lendo vai conhecer o Kass e o Kr ainda esse ano,2023-06-25 12:24:24+00:00,2023-06-25T12:24:24Z,13,none,True,False,,0.072788581252098,0.8693140745162964,0.0578972920775413,UC9Qu6o04oTf-b2acahQVk1g,0 days 00:02:53,173.0
RnDW_BRuodk,UgxsYMYts9W_X4Xnt7l4AaABAg.9rNvGLOUz4N9rNxdDwRCJo,@RosangelaLopes-kb1tt,https://yt3.ggpht.com/ytc/AIdro_lBG4Q2j7htJbxg-phr_qVcAKlNOGbhJhWBe0SkBAuX3EdiRFA_mJUmpSD86gxTbRG5GQ=s48-c-k-c0x00ffffff-no-rj,http://www.youtube.com/@RosangelaLopes-kb1tt,UCd84bwD5fyO0e2_rhUSsF5w,10,2023-06-25 12:25:33+00:00,2023-06-25T12:25:33Z,1,none,True,True,UgxsYMYts9W_X4Xnt7l4AaABAg,,,,UC9Qu6o04oTf-b2acahQVk1g,0 days 00:01:09,69.0
RnDW_BRuodk,Ugwnm5BQE_Rv8CEWLJZ4AaABAg,@ADRIELLYOLIVEIRA13,https://yt3.ggpht.com/VKKY-LQCjNTYKvt0CEvpDFATxuYTzefw4Td92pWDOSPbqotGCsG4o_96RXWkrhUk7h76eK3R=s48-c-k-c0x00ffffff-no-rj,http://www.youtube.com/@ADRIELLYOLIVEIRA13,UC0zcwzpf52tuoFX3LgQRiGQ,E o kr s√≥ ficou sorrindo do seu porquinho ele n√£o derrubou o meteoro nem colocou o crocodilos,2023-06-25 12:28:15+00:00,2023-06-25T12:28:15Z,1,none,True,False,,0.1633438766002655,0.7929962277412415,0.0436599627137184,UC9Qu6o04oTf-b2acahQVk1g,0 days 00:02:42,162.0
RnDW_BRuodk,UgyUwep9pQb_PY6eddR4AaABAg,@MartaSutil-yq9rc,https://yt3.ggpht.com/ytc/AIdro_kIB5IA6ctvzva_sdiR-wLzAe7GYZepYXonq7FFVmg1fN0SLFqcdgNA01BzkaRlSJ-oHg=s48-c-k-c0x00ffffff-no-rj,http://www.youtube.com/@MartaSutil-yq9rc,UCG9_RBdVF2hrCv0U-cvOVJw,Nota. 10üòòüòò,2023-06-25 12:28:34+00:00,2023-06-25T12:28:34Z,2,none,True,False,,0.0104470616206526,0.2939822077751159,0.695570707321167,UC9Qu6o04oTf-b2acahQVk1g,0 days 00:00:19,19.0
RnDW_BRuodk,UgxhuvMrkBWxoi2vgnN4AaABAg,@robertocardoso4934,https://yt3.ggpht.com/E7gKduyhzlz82QrbO2SHYGDDI2R6LTJ-JXw2YNEH_rcBextph-BGLqpBuQAnmr4bs3D6ONsotg=s48-c-k-c0x00ffffff-no-rj,http://www.youtube.com/@robertocardoso4934,UCEmI08Sr6B8QAnm4aG5Fepw,Realista ‚ù§,2023-06-25 12:35:08+00:00,2023-06-25T12:35:08Z,2,none,True,False,,0.0075414916500449,0.2598846554756164,0.7325738668441772,UC9Qu6o04oTf-b2acahQVk1g,0 days 00:06:34,394.0
RnDW_BRuodk,UgwjoMZa-WxCBaerCyl4AaABAg,@MoisesSanto-io9tb,https://yt3.ggpht.com/ytc/AIdro_mNEAv5MPjwUYT_oMN-I_oKxZXRDcwTzQ5m2dLC8BLZIN_r2XL_arB8rM0NkGGWBLQJXQ=s48-c-k-c0x00ffffff-no-rj,http://www.youtube.com/@MoisesSanto-io9tb,UCfg0vohNpYPM-H9Bx1RCL1Q,REALISTA,2023-06-25 12:39:23+00:00,2023-06-25T12:39:23Z,1,none,True,False,,0.1638481765985489,0.6785949468612671,0.1575568914413452,UC9Qu6o04oTf-b2acahQVk1g,0 days 00:04:15,255.0
RnDW_BRuodk,UgxQnmO6EUqi-pKF8Z14AaABAg.9rNxVlU6Lt49rO-EQBVKKu,@aldeanpereira,https://yt3.ggpht.com/ytc/AIdro_n2udBzeYBteVO94AOvACDKqyHN4sBTqV2YenVzO3Y2Ic5h7sd9c1UhQi-g7V9kvb_L3A=s48-c-k-c0x00ffffff-no-rj,http://www.youtube.com/@aldeanpereira,UCLY-zLepF4fVzPGFB-eeatA,10,2023-06-25 12:48:14+00:00,2023-06-25T12:48:14Z,1,none,True,True,UgxQnmO6EUqi-pKF8Z14AaABAg,,,,UC9Qu6o04oTf-b2acahQVk1g,0 days 00:08:51,531.0
RnDW_BRuodk,Ugx6N4I5JTeogOUl3Ad4AaABAg,@aldeanpereira,https://yt3.ggpht.com/ytc/AIdro_n2udBzeYBteVO94AOvACDKqyHN4sBTqV2YenVzO3Y2Ic5h7sd9c1UhQi-g7V9kvb_L3A=s48-c-k-c0x00ffffff-no-rj,http://www.youtube.com/@aldeanpereira,UCLY-zLepF4fVzPGFB-eeatA,100,2023-06-25 12:48:40+00:00,2023-06-25T12:48:40Z,2,none,True,False,,0.1870799362659454,0.5676014423370361,0.2453186213970184,UC9Qu6o04oTf-b2acahQVk1g,0 days 00:00:26,26.0
RnDW_BRuodk,UgyzbfEz5uFoMncUAx14AaABAg,@alinecolombo4675,https://yt3.ggpht.com/ytc/AIdro_n-bGcJVKdtJ0S0qEpkhx12TJDFLr8JR7nt_v5NiIuXYew=s48-c-k-c0x00ffffff-no-rj,http://www.youtube.com/@alinecolombo4675,UC_JyxVcfoRM1t48AtNzyovw,"Faso uma casa mas bonita

Helena 8 anos igrejinha bairro  lidio carlito federal",2023-06-25 12:50:43+00:00,2023-06-25T12:50:43Z,1,none,True,False,,0.0853354409337043,0.8702383041381836,0.0444261878728866,UC9Qu6o04oTf-b2acahQVk1g,0 days 00:02:03,123.0
RnDW_BRuodk,Ugxycfqp_oIhVG2XCg54AaABAg,@aldeanpereira,https://yt3.ggpht.com/ytc/AIdro_n2udBzeYBteVO94AOvACDKqyHN4sBTqV2YenVzO3Y2Ic5h7sd9c1UhQi-g7V9kvb_L3A=s48-c-k-c0x00ffffff-no-rj,http://www.youtube.com/@aldeanpereira,UCLY-zLepF4fVzPGFB-eeatA,realiasta,2023-06-25 12:50:44+00:00,2023-06-25T12:50:44Z,1,none,True,False,,0.2667763233184814,0.6001646518707275,0.1330590546131134,UC9Qu6o04oTf-b2acahQVk1g,0 days 00:00:01,1.0
RnDW_BRuodk,UgyF33EbP-ju903NJm94AaABAg,@isabelaterras6846,https://yt3.ggpht.com/ytc/AIdro_mY3ZQ-42-DwkHpViwiWRX-mdyxwNQnfpz91aRiRin0Dg=s48-c-k-c0x00ffffff-no-rj,http://www.youtube.com/@isabelaterras6846,UCRAM99DJUWIJr3UKvpNwDBQ,Realista‚ù§,2023-06-25 12:52:10+00:00,2023-06-25T12:52:10Z,2,none,True,False,,0.0083722071722149,0.2752471268177032,0.7163807153701782,UC9Qu6o04oTf-b2acahQVk1g,0 days 00:01:26,86.0
RnDW_BRuodk,UgwUGWVvG2psLjCb9Ad4AaABAg,@AaronFala,https://yt3.ggpht.com/pEbXXDsR0GHBrjM-vMn3dhrqG7eYT1V2YhrSZNlick16I88dn2qp0cir-sosoeCUcPyKR0O4tQ=s48-c-k-c0x00ffffff-no-rj,http://www.youtube.com/@AaronFala,UCPsWgRbK7ajBAFfN-l07M7w,10000000000000000000000,2023-06-25 13:08:03+00:00,2023-06-25T13:08:03Z,0,none,True,False,,0.2723177969455719,0.56317538022995,0.1645067930221557,UC9Qu6o04oTf-b2acahQVk1g,0 days 00:15:53,953.0
RnDW_BRuodk,UgzqLOsGCci11I-JHPV4AaABAg,@MariaelenildeElenilde-ph7gu,https://yt3.ggpht.com/ytc/AIdro_m-wvAwKyNneCMdoErnw329VPrjfATdBmyawkiFTmB0Tmcb0mbPWFH98RzurWL1m0u29A=s48-c-k-c0x00ffffff-no-rj,http://www.youtube.com/@MariaelenildeElenilde-ph7gu,UC0dglbPfDIZha-WmNQZhtdg,Realista,2023-06-25 13:10:22+00:00,2023-06-25T13:10:22Z,1,none,True,False,,0.2020911574363708,0.5554282665252686,0.2424804717302322,UC9Qu6o04oTf-b2acahQVk1g,0 days 00:02:19,139.0
RnDW_BRuodk,UgyeWW5Y-75xrztLLdF4AaABAg,@isabelaterras6846,https://yt3.ggpht.com/ytc/AIdro_mY3ZQ-42-DwkHpViwiWRX-mdyxwNQnfpz91aRiRin0Dg=s48-c-k-c0x00ffffff-no-rj,http://www.youtube.com/@isabelaterras6846,UCRAM99DJUWIJr3UKvpNwDBQ,ilha‚ù§,2023-06-25 13:12:53+00:00,2023-06-25T13:12:53Z,1,none,True,False,,0.0073715727776288,0.2367464154958725,0.7558820247650146,UC9Qu6o04oTf-b2acahQVk1g,0 days 00:02:31,151.0
RnDW_BRuodk,Ugx95-rx1hjHD8girRZ4AaABAg,@simonepaulina6420,https://yt3.ggpht.com/7xvbLUYn85bOwjzjmrzH6IPXNctUC7nlnc3rPV3uAwSEhGQzon5F2WBOwCYW7c4H5E1L9U0CEA=s48-c-k-c0x00ffffff-no-rj,http://www.youtube.com/@simonepaulina6420,UCWTTAF2TyLccO-LZLa7S8KA,REALISTA üéâüéâ,2023-06-25 13:14:47+00:00,2023-06-25T13:14:47Z,5,none,True,False,,0.002046630019322,0.1008780300617218,0.897075355052948,UC9Qu6o04oTf-b2acahQVk1g,0 days 00:01:54,114.0
RnDW_BRuodk,UgynpHg2Kal4fgPmTzh4AaABAg,@PedroHenrique-bd1ht,https://yt3.ggpht.com/ytc/AIdro_lPzli4dJG5cLnw96ruYoBNm3_5_eD8i8XDpv7ulgomHNDYGeHCJcNCTE1xkfCyWJwrCw=s48-c-k-c0x00ffffff-no-rj,http://www.youtube.com/@PedroHenrique-bd1ht,UCGir6w-8SNq8EwS_6Nkhjsg,Nota 10,2023-06-25 13:16:51+00:00,2023-06-25T13:16:51Z,2,none,True,False,,0.2790092825889587,0.6043573617935181,0.1166332960128784,UC9Qu6o04oTf-b2acahQVk1g,0 days 00:02:04,124.0
RnDW_BRuodk,UgzTMHd-A0ZNXrnx_rp4AaABAg,@josefaalvesdealmeida,https://yt3.ggpht.com/ytc/AIdro_mhsmnYE8s43yKvrOUEuO15ubUhsinTg2sCvnzOqI9_bv10vBFKsBHnJGDP5ESWQFEWmg=s48-c-k-c0x00ffffff-no-rj,http://www.youtube.com/@josefaalvesdealmeida,UCEBRHn20ZTlFhiWsvevjDHA,Adorei nota 1.00000000000000000000,2023-06-25 13:22:31+00:00,2023-06-25T13:22:31Z,2,none,True,False,,0.2012924551963806,0.719089686870575,0.0796179100871086,UC9Qu6o04oTf-b2acahQVk1g,0 days 00:05:40,340.0
RnDW_BRuodk,UgxCklnmlQ0CBQ53Yrp4AaABAg,@eldimaralmeida,https://yt3.ggpht.com/ytc/AIdro_lXCpv9R4B07OCtxS5nKbqTd2dOphEMw5_JbLklUmIjhy4uMx4EL0dgbCbWmLeygOLbOQ=s48-c-k-c0x00ffffff-no-rj,http://www.youtube.com/@eldimaralmeida,UCoU41viybNEuslrWTuyQ4lg,10,2023-06-25 13:23:35+00:00,2023-06-25T13:23:35Z,1,none,True,False,,0.1864420175552368,0.582202136516571,0.2313558608293533,UC9Qu6o04oTf-b2acahQVk1g,0 days 00:01:04,64.0
RnDW_BRuodk,UgxQnmO6EUqi-pKF8Z14AaABAg.9rNxVlU6Lt49rO3H_LG8by,@josefaalvesdealmeida,https://yt3.ggpht.com/ytc/AIdro_mhsmnYE8s43yKvrOUEuO15ubUhsinTg2sCvnzOqI9_bv10vBFKsBHnJGDP5ESWQFEWmg=s48-c-k-c0x00ffffff-no-rj,http://www.youtube.com/@josefaalvesdealmeida,UCEBRHn20ZTlFhiWsvevjDHA,@@aldeanpereira nota 1.00000000000,2023-06-25 13:23:37+00:00,2024-06-12T22:29:57Z,0,none,True,True,UgxQnmO6EUqi-pKF8Z14AaABAg,,,,UC9Qu6o04oTf-b2acahQVk1g,0 days 00:00:02,2.0
RnDW_BRuodk,Ugwx208vcdMxQ91HxkB4AaABAg,@samuelhenrique7305,https://yt3.ggpht.com/iFBcDtbOREX5QiIGMeo6Q528G689lAkSj_u9SXw_4jNR3U5pMhegxFs_m22Q26YwYWyTl6a6Ww=s48-c-k-c0x00ffffff-no-rj,http://www.youtube.com/@samuelhenrique7305,UCGC_tzIcMLyoQi9srWTmZ_g,O cais nota 10,2023-06-25 13:24:12+00:00,2023-06-25T13:24:12Z,1,none,True,False,,0.1937388628721237,0.6827336549758911,0.1235274448990821,UC9Qu6o04oTf-b2acahQVk1g,0 days 00:00:35,35.0
RnDW_BRuodk,UgwbESBKBVYZJ7ggtDV4AaABAg,@samuelhenrique7305,https://yt3.ggpht.com/iFBcDtbOREX5QiIGMeo6Q528G689lAkSj_u9SXw_4jNR3U5pMhegxFs_m22Q26YwYWyTl6a6Ww=s48-c-k-c0x00ffffff-no-rj,http://www.youtube.com/@samuelhenrique7305,UCGC_tzIcMLyoQi9srWTmZ_g,Dr zero 0,2023-06-25 13:24:32+00:00,2023-06-25T13:24:32Z,1,none,True,False,,0.2670068740844726,0.6523304581642151,0.080662727355957,UC9Qu6o04oTf-b2acahQVk1g,0 days 00:00:20,20.0
RnDW_BRuodk,UgxsYMYts9W_X4Xnt7l4AaABAg.9rNvGLOUz4N9rO4wRAEuIT,@RyanLindo-1417,https://yt3.ggpht.com/f43yQSsFU4J1UXuH2NoblSCkdnhjjNhodsvNa1giK2lJx305CaXx4x-Gs-OZ7oQVFXw-MG8nCw=s48-c-k-c0x00ffffff-no-rj,http://www.youtube.com/@RyanLindo-1417,UCNYJLO44TNNxdUmmzTGmihA,‚Äã‚Äã@@RosangelaLopes-kb1tt 10 o que??,2023-06-25 13:38:04+00:00,2024-06-12T20:51:49Z,1,none,True,True,UgxsYMYts9W_X4Xnt7l4AaABAg,,,,UC9Qu6o04oTf-b2acahQVk1g,0 days 00:13:32,812.0
RnDW_BRuodk,UgyT8AfcQJGwmYRZ68R4AaABAg,@simonepaulina6420,https://yt3.ggpht.com/7xvbLUYn85bOwjzjmrzH6IPXNctUC7nlnc3rPV3uAwSEhGQzon5F2WBOwCYW7c4H5E1L9U0CEA=s48-c-k-c0x00ffffff-no-rj,http://www.youtube.com/@simonepaulina6420,UCWTTAF2TyLccO-LZLa7S8KA,ILHA üèùÔ∏è,2023-06-25 13:39:57+00:00,2023-06-25T13:39:57Z,2,none,True,False,,0.0639362707734108,0.7417557835578918,0.1943079829216003,UC9Qu6o04oTf-b2acahQVk1g,0 days 00:01:53,113.0
RnDW_BRuodk,UgwQK5CqePhkmSFPTPZ4AaABAg,@mariajosedesousamaria5193,https://yt3.ggpht.com/ytc/AIdro_nWBkhs3XZcENi1MSPCdcXzpUjnMm2sZJbVobSifX-nvmmNb8bXfpOmj_RTnLGbL03qbA=s48-c-k-c0x00ffffff-no-rj,http://www.youtube.com/@mariajosedesousamaria5193,UCZK4MmW7MzKgFRgGzsDVbiA,Realista,2023-06-25 13:41:29+00:00,2023-06-25T13:41:29Z,1,none,True,False,,0.2020911574363708,0.5554282665252686,0.2424804717302322,UC9Qu6o04oTf-b2acahQVk1g,0 days 00:01:32,92.0
RnDW_BRuodk,UgxPWTi-NiKXPl8Suo54AaABAg,@deboratobias5602,https://yt3.ggpht.com/jR35a1zqttXzAmoR3h9oWazQUUdSlGXWkeAAQf9zMgRxX9iDhSU52i9oOEhcDrnf1DpcwSkR8A=s48-c-k-c0x00ffffff-no-rj,http://www.youtube.com/@deboratobias5602,UCYOr_sEtuU7GwFsqfNqOx-Q,rafaelteixeiranacimento,2023-06-25 13:56:00+00:00,2023-06-25T13:56:00Z,2,none,True,False,,0.0926065072417259,0.7866418361663818,0.1207516491413116,UC9Qu6o04oTf-b2acahQVk1g,0 days 00:14:31,871.0
RnDW_BRuodk,UgwI0aVonMrzP7-NukZ4AaABAg,@luizcolares5496,https://yt3.ggpht.com/ytc/AIdro_lDxJM6E-idm3SnDrGSZhhFBZ86cYvNwm709qLUMNfuJ88H4QqPg4TZLcXzk54QlooBwg=s48-c-k-c0x00ffffff-no-rj,http://www.youtube.com/@luizcolares5496,UCJYtnzI0vDLSeqALPRu_rRw,Nota. 10.  üòÆüòÆüòÆüòÆüòÆüòÆüòÆüòÆüòÆüòÆüòÆüòÆüòÆüòÆüòÆüòÆüòÆüòÆüòÆüòÆüòÆüòÆüòÆüòÆ,2023-06-25 13:56:49+00:00,2023-06-25T13:56:49Z,1,none,True,False,,0.910464346408844,0.0826015174388885,0.0069341473281383,UC9Qu6o04oTf-b2acahQVk1g,0 days 00:00:49,49.0
RnDW_BRuodk,UgynpHg2Kal4fgPmTzh4AaABAg.9rO2VyUfFtn9rO7AORukU-,@kaykdomingues,https://yt3.ggpht.com/_lLtQFnFeyn6zRDex8Tu7YA_FeD3WTzQBJGFHd5aXTujyvK-h29ioLWzJnkTaxvPWdiCNk95=s48-c-k-c0x00ffffff-no-rj,http://www.youtube.com/@kaykdomingues,UCzuQcEY7hGxOYlrSJBi2Ohg,Kass e kr,2023-06-25 13:57:35+00:00,2023-06-25T13:57:35Z,0,none,True,True,UgynpHg2Kal4fgPmTzh4AaABAg,,,,UC9Qu6o04oTf-b2acahQVk1g,0 days 00:00:46,46.0
RnDW_BRuodk,UgweMrot-Rld10QfLVp4AaABAg,@luizcolares5496,https://yt3.ggpht.com/ytc/AIdro_lDxJM6E-idm3SnDrGSZhhFBZ86cYvNwm709qLUMNfuJ88H4QqPg4TZLcXzk54QlooBwg=s48-c-k-c0x00ffffff-no-rj,http://www.youtube.com/@luizcolares5496,UCJYtnzI0vDLSeqALPRu_rRw,Adorei.   Nota.  1.0000000000000000000000000000000000000000‚Å∞000000000000000000000000000000000000000000000000000000000000000000000000000000000000000000000k,2023-06-25 13:59:06+00:00,2023-06-25T13:59:06Z,1,none,True,False,,0.4199898838996887,0.4885714054107666,0.0914387181401252,UC9Qu6o04oTf-b2acahQVk1g,0 days 00:01:31,91.0
RnDW_BRuodk,Ugye8l2KKJilrikkXWl4AaABAg,@deboratobias5602,https://yt3.ggpht.com/jR35a1zqttXzAmoR3h9oWazQUUdSlGXWkeAAQf9zMgRxX9iDhSU52i9oOEhcDrnf1DpcwSkR8A=s48-c-k-c0x00ffffff-no-rj,http://www.youtube.com/@deboratobias5602,UCYOr_sEtuU7GwFsqfNqOx-Q,eu teu icsito 40,2023-06-25 13:59:57+00:00,2023-06-25T13:59:57Z,2,none,True,False,,0.1342680901288986,0.7659627199172974,0.0997691750526428,UC9Qu6o04oTf-b2acahQVk1g,0 days 00:00:51,51.0
RnDW_BRuodk,UgxaVg2WTsOQ41DFtGJ4AaABAg,@kaykdomingues,https://yt3.ggpht.com/_lLtQFnFeyn6zRDex8Tu7YA_FeD3WTzQBJGFHd5aXTujyvK-h29ioLWzJnkTaxvPWdiCNk95=s48-c-k-c0x00ffffff-no-rj,http://www.youtube.com/@kaykdomingues,UCzuQcEY7hGxOYlrSJBi2Ohg,Nota 1000,2023-06-25 14:05:48+00:00,2023-06-25T14:05:48Z,1,none,True,False,,0.2432939261198043,0.6405630707740784,0.1161430552601814,UC9Qu6o04oTf-b2acahQVk1g,0 days 00:05:51,351.0
RnDW_BRuodk,UgyFoHuMSDmnHuPMr2F4AaABAg,@rzinn16,https://yt3.ggpht.com/UcR-Ur6G0dHtHHbbCdIDTySaq6rEDrduXshT3pR7qPDDVTDgRa5AvBQXs97x9pvg5RXoW4SdSA=s48-c-k-c0x00ffffff-no-rj,http://www.youtube.com/@rzinn16,UCeKgjB3rukYgVOdhfAOI5vQ,Ilha üèù,2023-06-25 14:07:01+00:00,2023-06-25T14:07:01Z,2,none,True,False,,0.0808967277407646,0.7044529318809509,0.2146503329277038,UC9Qu6o04oTf-b2acahQVk1g,0 days 00:01:13,73.0
RnDW_BRuodk,UgxWLoJavBv-Wm0flch4AaABAg,@brendopaulo4520,https://yt3.ggpht.com/U1mP34tqVfYTE04x4Mlug_-7ooADw-dxb-RRHxIFexX4VgeX2A2rbJPrdPqU3R3hUtQNIJ_1FA=s48-c-k-c0x00ffffff-no-rj,http://www.youtube.com/@brendopaulo4520,UCrqCApcSYG0oeM-DuZlerBA,Realista,2023-06-25 14:11:35+00:00,2023-06-25T14:11:35Z,1,none,True,False,,0.2020911574363708,0.5554282665252686,0.2424804717302322,UC9Qu6o04oTf-b2acahQVk1g,0 days 00:04:34,274.0
RnDW_BRuodk,UgxDuOajhPIfrPkzreV4AaABAg,@MadalenasouzaSilva-dk8tn,https://yt3.ggpht.com/HiNxVTjcSeGMI-UhF1aEwE5oySC_xYASI3vS6n5NpcUdcWldi_L8c51b00Qq9v3_iLxRdSxz_Q=s48-c-k-c0x00ffffff-no-rj,http://www.youtube.com/@MadalenasouzaSilva-dk8tn,UCU2Kn3d_32_g5lH1pS-m-Xg,Oi kass e kr lindos,2023-06-25 14:15:05+00:00,2023-06-25T14:15:05Z,1,none,True,False,,0.1954267024993896,0.6845253705978394,0.1200478747487068,UC9Qu6o04oTf-b2acahQVk1g,0 days 00:03:30,210.0
RnDW_BRuodk,Ugw7C3tzMSClf2OVwmJ4AaABAg,@MadalenasouzaSilva-dk8tn,https://yt3.ggpht.com/HiNxVTjcSeGMI-UhF1aEwE5oySC_xYASI3vS6n5NpcUdcWldi_L8c51b00Qq9v3_iLxRdSxz_Q=s48-c-k-c0x00ffffff-no-rj,http://www.youtube.com/@MadalenasouzaSilva-dk8tn,UCU2Kn3d_32_g5lH1pS-m-Xg,Realista,2023-06-25 14:15:26+00:00,2023-06-25T14:15:26Z,1,none,True,False,,0.2020911574363708,0.5554282665252686,0.2424804717302322,UC9Qu6o04oTf-b2acahQVk1g,0 days 00:00:21,21.0
RnDW_BRuodk,UgwfsGPtyMTHCeKO9rF4AaABAg,@CamilaSantos-j2u,https://yt3.ggpht.com/ytc/AIdro_nr9xE_2vBhbh6K--Fq-aive21XyEQnu2y02BiS_JoIPeuEzrRmJAz6CHewA8Z5_h4Pew=s48-c-k-c0x00ffffff-no-rj,http://www.youtube.com/@CamilaSantos-j2u,UCH4RewGMKxFdkP3D-o8U7-A,O kr faz um v√≠deo trolando a casa dele tamb√©m no modo realista no Minecraft ok,2023-06-25 14:21:55+00:00,2023-06-25T14:21:55Z,5,none,True,False,,0.0650641471147537,0.832205593585968,0.1027302592992782,UC9Qu6o04oTf-b2acahQVk1g,0 days 00:06:29,389.0
RnDW_BRuodk,UgyngmZq0xStRtUASPV4AaABAg,@Lesando1,https://yt3.ggpht.com/ytc/AIdro_klNzcYPyjthgIdymY3GVZ0bh4tMKH5D3eY7FiOL5Oid-0T=s48-c-k-c0x00ffffff-no-rj,http://www.youtube.com/@Lesando1,UCGErPSNZTSnn9NKTCb5luwQ,Kasseudo10,2023-06-25 14:29:05+00:00,2023-06-25T14:29:05Z,1,none,True,False,,0.1845331788063049,0.6519166231155396,0.1635501831769943,UC9Qu6o04oTf-b2acahQVk1g,0 days 00:07:10,430.0
RnDW_BRuodk,UgxmQg7jqAX0Ab6WYhB4AaABAg,@Wolf5947,https://yt3.ggpht.com/sYAhK78xheKLUPaAavOcOy7fA8ZC0v_Ouaq4QWyJh0Gaj8pDlDDMYg28OtdqWim0UgtRHrq0BB4=s48-c-k-c0x00ffffff-no-rj,http://www.youtube.com/@Wolf5947,UC62iPf4EoOMybSKY4kcaOnw,"""Realista""
V√≠deo incr√≠vel kass √© KR
""Ilha""",2023-06-25 14:29:53+00:00,2023-06-25T14:43:41Z,5,none,True,False,,0.1297720223665237,0.8102820515632629,0.0599458701908588,UC9Qu6o04oTf-b2acahQVk1g,0 days 00:00:48,48.0
RnDW_BRuodk,UgycPtoTiNvV2QdZ6Ad4AaABAg,@JosianaRamos,https://yt3.ggpht.com/ytc/AIdro_lHOnOxAL59kdmjBquo2N01p71IvdeP-BqqdsFFeepQPuk=s48-c-k-c0x00ffffff-no-rj,http://www.youtube.com/@JosianaRamos,UCLE_8KGeDlSdrQL5txPeEQg,Kass  sua. Casa  ta maravinda. Mesmo sendo pobre t√°. Linda demais da. Conta,2023-06-25 14:40:08+00:00,2023-06-25T14:40:08Z,3,none,True,False,,0.0619840584695339,0.8609882593154907,0.0770276337862014,UC9Qu6o04oTf-b2acahQVk1g,0 days 00:10:15,615.0
RnDW_BRuodk,UgxdivyePEH3jbhXKkx4AaABAg,@WilfreArcangel,https://yt3.ggpht.com/ytc/AIdro_mmWqNlRovwqpf2lwC7k39Fhl-XnIR63a84OGb4ESNgYjDxxzlYtcfkS-pp0M9Bp5IfkA=s48-c-k-c0x00ffffff-no-rj,http://www.youtube.com/@WilfreArcangel,UC9fGkZQXpcegOyCkSG7Ycow,10,2023-06-25 14:49:35+00:00,2023-06-25T14:49:35Z,1,none,True,False,,0.1864420175552368,0.582202136516571,0.2313558608293533,UC9Qu6o04oTf-b2acahQVk1g,0 days 00:09:27,567.0
RnDW_BRuodk,UgzY71jxXlfDlZ9bpLV4AaABAg,@liedsonsilva9990,https://yt3.ggpht.com/ytc/AIdro_lQP04o0156tOjgYNl3HX_KZUnYFCol3dSz9PAyoVldVAeL5nOEnPGdwcXswTRrMOFkSQ=s48-c-k-c0x00ffffff-no-rj,http://www.youtube.com/@liedsonsilva9990,UCKFXpszhLTq3iJrGN8TZcQg,Realista,2023-06-25 14:59:28+00:00,2023-06-25T14:59:28Z,1,none,True,False,,0.2020911574363708,0.5554282665252686,0.2424804717302322,UC9Qu6o04oTf-b2acahQVk1g,0 days 00:09:53,593.0
RnDW_BRuodk,UgwIO1gAlT0M2-_mwuN4AaABAg,@DIAZZ_TV,https://yt3.ggpht.com/EoPMldrRPWuQpTi1roxpPJdP2cPjUQp1jW2-k6EVz3U5n1zKak72yZJQq9fJho9VrHzvUYYh6_o=s48-c-k-c0x00ffffff-no-rj,http://www.youtube.com/@DIAZZ_TV,UC8DOSFxfNWqG5Qk1t5TYHrQ,REALISTA,2023-06-25 15:00:08+00:00,2023-06-25T15:00:08Z,1,none,True,False,,0.1638481765985489,0.6785949468612671,0.1575568914413452,UC9Qu6o04oTf-b2acahQVk1g,0 days 00:00:40,40.0
RnDW_BRuodk,UgzaeBGgdwBw_PjdW314AaABAg,@gilvaniabarros6358,https://yt3.ggpht.com/6eUXqP1sEPi8rVfrylJqyl7KOwn5S8jg357wBH8vK9yeLOv2PMlncOMm7exgOnAlFbcSHLIE=s48-c-k-c0x00ffffff-no-rj,http://www.youtube.com/@gilvaniabarros6358,UCcEY5pHLOrOln7bMLojhM8w,Realista,2023-06-25 15:04:03+00:00,2023-06-25T15:04:03Z,1,none,True,False,,0.2020911574363708,0.5554282665252686,0.2424804717302322,UC9Qu6o04oTf-b2acahQVk1g,0 days 00:03:55,235.0
RnDW_BRuodk,Ugzco2KwF8c9PfC2n9x4AaABAg,@gilvaniabarros6358,https://yt3.ggpht.com/6eUXqP1sEPi8rVfrylJqyl7KOwn5S8jg357wBH8vK9yeLOv2PMlncOMm7exgOnAlFbcSHLIE=s48-c-k-c0x00ffffff-no-rj,http://www.youtube.com/@gilvaniabarros6358,UCcEY5pHLOrOln7bMLojhM8w,Ilha,2023-06-25 15:10:39+00:00,2023-06-25T15:10:39Z,1,none,True,False,,0.2089649438858032,0.6259809136390686,0.1650541722774505,UC9Qu6o04oTf-b2acahQVk1g,0 days 00:06:36,396.0
RnDW_BRuodk,UgxiRotDXSry3S3MVtR4AaABAg,@lupamol8923,https://yt3.ggpht.com/ytc/AIdro_mmu90VsulB6vcJefiW-2ITcQfcvsm0P21xkHj1DOjNigxx=s48-c-k-c0x00ffffff-no-rj,http://www.youtube.com/@lupamol8923,UC2FnIyooLJ7WSeSsVrXitCQ,Realista,2023-06-25 15:18:25+00:00,2023-06-25T15:18:25Z,1,none,True,False,,0.2020911574363708,0.5554282665252686,0.2424804717302322,UC9Qu6o04oTf-b2acahQVk1g,0 days 00:07:46,466.0
RnDW_BRuodk,UgxQRx63nXadLd4HDPp4AaABAg,@liedsonsilva9990,https://yt3.ggpht.com/ytc/AIdro_lQP04o0156tOjgYNl3HX_KZUnYFCol3dSz9PAyoVldVAeL5nOEnPGdwcXswTRrMOFkSQ=s48-c-k-c0x00ffffff-no-rj,http://www.youtube.com/@liedsonsilva9990,UCKFXpszhLTq3iJrGN8TZcQg,Ilha,2023-06-25 15:18:26+00:00,2023-06-25T15:18:26Z,1,none,True,False,,0.2089649438858032,0.6259809136390686,0.1650541722774505,UC9Qu6o04oTf-b2acahQVk1g,0 days 00:00:01,1.0
RnDW_BRuodk,Ugz6GPP1lW3olCA89hl4AaABAg,@WeltonRocha-k3d,https://yt3.ggpht.com/ytc/AIdro_mZc4zmVJypLMNHULLyrOLIH5j4ROdhNY4GzlNL_IBrxVgUQS4IT_UqjXMrykjAWMs9HA=s48-c-k-c0x00ffffff-no-rj,http://www.youtube.com/@WeltonRocha-k3d,UClNe-NpazDtobd4Bg0mWZEQ,Casa do kass  dado nota 10,2023-06-25 15:28:45+00:00,2023-06-25T15:28:45Z,5,none,True,False,,0.157186284661293,0.7532873749732971,0.089526392519474,UC9Qu6o04oTf-b2acahQVk1g,0 days 00:10:19,619.0
RnDW_BRuodk,UgyF6ApCioyiGsHOb0l4AaABAg,@gabygaby7210,https://yt3.ggpht.com/ytc/AIdro_mf1Bf0Cv06c4qOLGfDR80xCWc8Z1zYNCH6gp2w0Gw=s48-c-k-c0x00ffffff-no-rj,http://www.youtube.com/@gabygaby7210,UCjtL9Qd-xg9anZ5_ay0Qx2A,10,2023-06-25 16:08:37+00:00,2023-06-25T16:08:37Z,1,none,True,False,,0.1864420175552368,0.582202136516571,0.2313558608293533,UC9Qu6o04oTf-b2acahQVk1g,0 days 00:39:52,2392.0
RnDW_BRuodk,Ugwc8-SsHJp3DacU3FJ4AaABAg,@JosianaRamos,https://yt3.ggpht.com/ytc/AIdro_lHOnOxAL59kdmjBquo2N01p71IvdeP-BqqdsFFeepQPuk=s48-c-k-c0x00ffffff-no-rj,http://www.youtube.com/@JosianaRamos,UCLE_8KGeDlSdrQL5txPeEQg,Ilha,2023-06-25 16:22:26+00:00,2023-06-25T16:22:26Z,1,none,True,False,,0.2089649438858032,0.6259809136390686,0.1650541722774505,UC9Qu6o04oTf-b2acahQVk1g,0 days 00:13:49,829.0
RnDW_BRuodk,UgwWtvWHPEvoekrwIll4AaABAg,@ryancamargotoysgames4996,https://yt3.ggpht.com/vHtgDfXHWWofEMVcQ4bHIZXTwtSuCmyhAwx-t22hBcWjisY7EaV7cyznLXBPYOZwSCIdU2H_dw=s48-c-k-c0x00ffffff-no-rj,http://www.youtube.com/@ryancamargotoysgames4996,UCXXf45-s0TEKJ3pyrUgh1-g,*Oii* *Kass* *E* *Kr* üíô‚ù§Ô∏èüíô‚ù§Ô∏è,2023-06-25 16:33:31+00:00,2023-06-25T16:33:31Z,3,none,True,False,,0.0019845236092805,0.109199471771717,0.8888159990310669,UC9Qu6o04oTf-b2acahQVk1g,0 days 00:11:05,665.0
RnDW_BRuodk,UgzfblPcwuGpe0g5kFV4AaABAg,@EnzoIsaque-pd5zd,https://yt3.ggpht.com/n8JxQT_xWfSMRnrXfo4STXCrAyn16ZM5J21IflFdOle2hQ9_DtQfoHFEC3fUni0dsLPj9PdR=s48-c-k-c0x00ffffff-no-rj,http://www.youtube.com/@EnzoIsaque-pd5zd,UCyAd9CJvt3gCHrChufxSLDA,Nota  10,2023-06-25 17:01:05+00:00,2023-06-25T17:01:05Z,2,none,True,False,,0.2634196579456329,0.5977966785430908,0.1387836784124374,UC9Qu6o04oTf-b2acahQVk1g,0 days 00:27:34,1654.0
RnDW_BRuodk,Ugwe5RFa95gEPI4daG54AaABAg,@Rand-i3l,https://yt3.ggpht.com/ytc/AIdro_kgeb3tvIBGrdY-IdjHykSG-MSKpwcehWUAO3_O6TXPgadO46BAk4RkoG8qNgXDJBfHxg=s48-c-k-c0x00ffffff-no-rj,http://www.youtube.com/@Rand-i3l,UCrrAqqQYPFEdnSm3QntYDOg,10,2023-06-25 17:03:06+00:00,2023-06-25T17:03:06Z,1,none,True,False,,0.1864420175552368,0.582202136516571,0.2313558608293533,UC9Qu6o04oTf-b2acahQVk1g,0 days 00:02:01,121.0
RnDW_BRuodk,Ugz9XT18c13qRWvN3Wx4AaABAg,@MariaFatimas-u6u,https://yt3.ggpht.com/ytc/AIdro_nQnix-VeJ6EdB4XIG9FFgrkb8_vpSDP2Ft1Cp8cNbPAPogyXsBLaYw96po1fV2IWNUFw=s48-c-k-c0x00ffffff-no-rj,http://www.youtube.com/@MariaFatimas-u6u,UCr_W5QuzvQnHAG2XFRdTyCw,Pkakms e yueyy e meowwmwwokwowüòçüòçüòçüí™üí™,2023-06-25 17:15:08+00:00,2023-06-25T17:15:08Z,0,none,True,False,,0.0022461249027401,0.0465672314167022,0.9511865973472596,UC9Qu6o04oTf-b2acahQVk1g,0 days 00:12:02,722.0
RnDW_BRuodk,Ugwz5FyBOzubIuzUcdl4AaABAg,@DavidSilva-bk3uy,https://yt3.ggpht.com/ytc/AIdro_nDDwpWJmjgiWqrxhzXRXFGXieNH7P8cmHlJA71ntAl_wBL=s48-c-k-c0x00ffffff-no-rj,http://www.youtube.com/@DavidSilva-bk3uy,UChdrdtkwKJ38P_3OTe1Memg,"REALIDADE üò¢
‚ù§",2023-06-25 17:18:58+00:00,2023-06-25T17:18:58Z,6,none,True,False,,0.1237310841679573,0.499606728553772,0.3766621947288513,UC9Qu6o04oTf-b2acahQVk1g,0 days 00:03:50,230.0
RnDW_BRuodk,UgyfY7jFzLIebuAshU94AaABAg,@isabelfonseca4891,https://yt3.ggpht.com/ytc/AIdro_laQvsvQdFAW5ofrr5nbiveHKMs8XM9lRnJfsbP_tE5KAFJqoycYorzxUiJc8MUBWvDZA=s48-c-k-c0x00ffffff-no-rj,http://www.youtube.com/@isabelfonseca4891,UCvNRb_nLi339wlWRIcMC4uA,10‚ù§üéâ,2023-06-25 17:26:13+00:00,2023-06-25T17:26:13Z,1,none,True,False,,0.0015445175813511,0.0660878494381904,0.9323676824569702,UC9Qu6o04oTf-b2acahQVk1g,0 days 00:07:15,435.0
RnDW_BRuodk,UgzG7RUxG4UywQHioRd4AaABAg,@adelsonhonorato-u9h,https://yt3.ggpht.com/ytc/AIdro_lbpRUu5gbsvWTmsdI3NZ15kpk0Ej3nbI--JsDIpwlL-8rX0jbLwi0IQmkjLB0HWRjkqw=s48-c-k-c0x00ffffff-no-rj,http://www.youtube.com/@adelsonhonorato-u9h,UCC6MYjny5EZAOg3mPZ_9NRA,o kr deixa de ser bobo trola o kass  tembem,2023-06-25 18:22:30+00:00,2023-06-25T18:22:30Z,2,none,True,False,,0.1420129239559173,0.7635025382041931,0.0944845303893089,UC9Qu6o04oTf-b2acahQVk1g,0 days 00:56:17,3377.0
RnDW_BRuodk,UgzQyb9ELTXEU6txf5N4AaABAg,@claudiacampos2796,https://yt3.ggpht.com/ytc/AIdro_k68WCRBPk8J9eeMHifa6hGutoFt9ccMlD7Nc8MEy8=s48-c-k-c0x00ffffff-no-rj,http://www.youtube.com/@claudiacampos2796,UCyaTDX_eatLP5QAKTm2G1rA,Realista,2023-06-25 19:31:32+00:00,2023-06-25T19:31:32Z,1,none,True,False,,0.2020911574363708,0.5554282665252686,0.2424804717302322,UC9Qu6o04oTf-b2acahQVk1g,0 days 01:09:02,4142.0
RnDW_BRuodk,UgxIK5-fucbFytD6Jf54AaABAg,@claudiacampos2796,https://yt3.ggpht.com/ytc/AIdro_k68WCRBPk8J9eeMHifa6hGutoFt9ccMlD7Nc8MEy8=s48-c-k-c0x00ffffff-no-rj,http://www.youtube.com/@claudiacampos2796,UCyaTDX_eatLP5QAKTm2G1rA,Ilha,2023-06-25 19:39:11+00:00,2023-06-25T19:39:11Z,1,none,True,False,,0.2089649438858032,0.6259809136390686,0.1650541722774505,UC9Qu6o04oTf-b2acahQVk1g,0 days 00:07:39,459.0
RnDW_BRuodk,UgwHLStoxTlKlgu0Y254AaABAg,@MariaIzabeldaSilvaOliveira,https://yt3.ggpht.com/tfR9bey3jBOmcRd6a6LlRwXIHjpTd7JmeCh42PhcLgQrvJbuhkVIGvJH46RTysN9kO9ziJCqrw=s48-c-k-c0x00ffffff-no-rj,http://www.youtube.com/@MariaIzabeldaSilvaOliveira,UCeLBxFoi_BbwV6lHCUNvaRg,Nota 10 pra casa do kass,2023-06-25 20:26:15+00:00,2023-06-25T20:26:15Z,1,none,True,False,,0.180161714553833,0.7549889087677002,0.0648493245244026,UC9Qu6o04oTf-b2acahQVk1g,0 days 00:47:04,2824.0
RnDW_BRuodk,UgxmQg7jqAX0Ab6WYhB4AaABAg.9rOArpTF8ww9rOoqma1mZ_,@gabrielgabriel-e4o,https://yt3.ggpht.com/ytc/AIdro_lK06qqeEIdzbrVIn-QLKAGnjsypJumBNyO2Q0Pnf657XY5gQLiN08OWJGH8-QyZTpPUQ=s48-c-k-c0x00ffffff-no-rj,http://www.youtube.com/@gabrielgabriel-e4o,UCNo0ZfeS5K6ndz4vhp1z8vQ,EU  DO  A  NOTA  10,2023-06-25 20:28:00+00:00,2023-06-25T20:28:00Z,2,none,True,True,UgxmQg7jqAX0Ab6WYhB4AaABAg,,,,UC9Qu6o04oTf-b2acahQVk1g,0 days 00:01:45,105.0
RnDW_BRuodk,UgxUJO5rTt0apFnka7J4AaABAg,@gabrielgabriel-e4o,https://yt3.ggpht.com/ytc/AIdro_lK06qqeEIdzbrVIn-QLKAGnjsypJumBNyO2Q0Pnf657XY5gQLiN08OWJGH8-QyZTpPUQ=s48-c-k-c0x00ffffff-no-rj,http://www.youtube.com/@gabrielgabriel-e4o,UCNo0ZfeS5K6ndz4vhp1z8vQ,GABIRU88,2023-06-25 20:33:52+00:00,2023-06-25T20:33:52Z,1,none,True,False,,0.1533233225345611,0.7160940170288086,0.130582645535469,UC9Qu6o04oTf-b2acahQVk1g,0 days 00:05:52,352.0
RnDW_BRuodk,UgzRjHp9eysx-_jRaWh4AaABAg,@MariaIzabeldaSilvaOliveira,https://yt3.ggpht.com/tfR9bey3jBOmcRd6a6LlRwXIHjpTd7JmeCh42PhcLgQrvJbuhkVIGvJH46RTysN9kO9ziJCqrw=s48-c-k-c0x00ffffff-no-rj,http://www.youtube.com/@MariaIzabeldaSilvaOliveira,UCeLBxFoi_BbwV6lHCUNvaRg,Kr vc e muita chato,2023-06-25 20:36:49+00:00,2023-06-25T20:36:49Z,1,none,True,False,,0.1512424498796463,0.7338733673095703,0.1148841753602027,UC9Qu6o04oTf-b2acahQVk1g,0 days 00:02:57,177.0
RnDW_BRuodk,UgzSZAoHltuRGG4-3ul4AaABAg,@sidianecavalcante5023,https://yt3.ggpht.com/ytc/AIdro_k82QyAI4bPkllTGYW1uAh9g2F373PAH3byJC8f1I0FsxpqxMTd2Pi9ZMx0zq4opKmx6Q=s48-c-k-c0x00ffffff-no-rj,http://www.youtube.com/@sidianecavalcante5023,UCax7HWnpAEUKtAq6OrPvGbQ,10üòäüòäüòä,2023-06-25 20:39:20+00:00,2023-06-25T20:39:20Z,0,none,True,False,,0.0038415913004428,0.0918595865368843,0.9042988419532776,UC9Qu6o04oTf-b2acahQVk1g,0 days 00:02:31,151.0
RnDW_BRuodk,UgwT2pUdIoI4FZH6gZV4AaABAg,@veronica1525,https://yt3.ggpht.com/ytc/AIdro_n_V24mljlGTXvm8kGhAUnZ0fapU5BHwPUZ4jFXXMOSTlHgXyM4fA5pzLxvZKGOiWwy5Q=s48-c-k-c0x00ffffff-no-rj,http://www.youtube.com/@veronica1525,UCG_910rkD7OJsHrgJDfN-KQ,ü§îüòèü§£üôâ‚öòüòÇ,2023-06-25 20:39:40+00:00,2023-06-25T20:39:40Z,0,none,True,False,,0.1711930036544799,0.6894170641899109,0.1393900066614151,UC9Qu6o04oTf-b2acahQVk1g,0 days 00:00:20,20.0
RnDW_BRuodk,Ugw6BVMEqZBkN8x2VZl4AaABAg,@juliocesardossantossilva-t9o,https://yt3.ggpht.com/ytc/AIdro_nfjUZvK35o9j9xw7evgGKjjCDIyET4MojAs4BQ1HL0X6owAqbaRfHIOtGpCCRfa_npfA=s48-c-k-c0x00ffffff-no-rj,http://www.youtube.com/@juliocesardossantossilva-t9o,UCxnVC_M04vdZfBCxSOLgY6g,nota 10 kass,2023-06-25 20:42:07+00:00,2023-06-25T20:42:07Z,1,none,True,False,,0.2418398261070251,0.6236968636512756,0.1344633251428604,UC9Qu6o04oTf-b2acahQVk1g,0 days 00:02:27,147.0
RnDW_BRuodk,UgxmQg7jqAX0Ab6WYhB4AaABAg.9rOArpTF8ww9rOqifXc-2c,@Wolf5947,https://yt3.ggpht.com/sYAhK78xheKLUPaAavOcOy7fA8ZC0v_Ouaq4QWyJh0Gaj8pDlDDMYg28OtdqWim0UgtRHrq0BB4=s48-c-k-c0x00ffffff-no-rj,http://www.youtube.com/@Wolf5947,UC62iPf4EoOMybSKY4kcaOnw,@@gabrielgabriel-e4o eu tbm,2023-06-25 20:44:22+00:00,2024-04-18T01:46:00Z,0,none,True,True,UgxmQg7jqAX0Ab6WYhB4AaABAg,,,,UC9Qu6o04oTf-b2acahQVk1g,0 days 00:02:15,135.0
RnDW_BRuodk,UgxA9zxHfUc-vdTPWXt4AaABAg,@gabrielgabriel-e4o,https://yt3.ggpht.com/ytc/AIdro_lK06qqeEIdzbrVIn-QLKAGnjsypJumBNyO2Q0Pnf657XY5gQLiN08OWJGH8-QyZTpPUQ=s48-c-k-c0x00ffffff-no-rj,http://www.youtube.com/@gabrielgabriel-e4o,UCNo0ZfeS5K6ndz4vhp1z8vQ,KKKKKKKKKKKKKKKKKKKKKKKKKKKKKKKKKKKKKKKKKKKKKKKKKKKKKKKKKKKKKKKKKKKKKKKKKKKKKKKKKKKKKKKKKKKKKKKKKKKKKKKKKKKKKKKKKKKKKKKKKKKKKKKK,2023-06-25 20:49:49+00:00,2023-06-25T20:49:49Z,0,none,True,False,,0.3011351525783539,0.6428502202033997,0.0560146458446979,UC9Qu6o04oTf-b2acahQVk1g,0 days 00:05:27,327.0
RnDW_BRuodk,UgweVVh1yP9PViuako54AaABAg,@mariarosangelaoliveira-gk7fj,https://yt3.ggpht.com/ytc/AIdro_mNEAv5MPjwUYT_oMN-I_oKxZXRDcwTzQ5m2dLC8BLZIN_r2XL_arB8rM0NkGGWBLQJXQ=s48-c-k-c0x00ffffff-no-rj,http://www.youtube.com/@mariarosangelaoliveira-gk7fj,UCdke_yBSw-U21M2l7ovs-Qw,9.8,2023-06-25 20:59:20+00:00,2023-06-25T20:59:20Z,1,none,True,False,,0.1753746569156646,0.6287834644317627,0.1958418786525726,UC9Qu6o04oTf-b2acahQVk1g,0 days 00:09:31,571.0
RnDW_BRuodk,UgzNungdr64kmewczPR4AaABAg,@juliocesardossantossilva-t9o,https://yt3.ggpht.com/ytc/AIdro_nfjUZvK35o9j9xw7evgGKjjCDIyET4MojAs4BQ1HL0X6owAqbaRfHIOtGpCCRfa_npfA=s48-c-k-c0x00ffffff-no-rj,http://www.youtube.com/@juliocesardossantossilva-t9o,UCxnVC_M04vdZfBCxSOLgY6g,relista,2023-06-25 21:03:43+00:00,2023-06-25T21:03:43Z,1,none,True,False,,0.1904450505971908,0.6252256035804749,0.1843293756246566,UC9Qu6o04oTf-b2acahQVk1g,0 days 00:04:23,263.0
RnDW_BRuodk,Ugzk2_wZWUni8aXZKi54AaABAg,@lunalacerdaluna5207,https://yt3.ggpht.com/ytc/AIdro_llzzP6o5Jc7lKiS6rCodtnqgMw6pBHIP0w8R_nzc4=s48-c-k-c0x00ffffff-no-rj,http://www.youtube.com/@lunalacerdaluna5207,UCQuTjyXBxMtWFjGHKyTAprw,ilhas,2023-06-25 21:32:20+00:00,2023-06-25T21:32:20Z,0,none,True,False,,0.2035928517580032,0.6566453576087952,0.139761820435524,UC9Qu6o04oTf-b2acahQVk1g,0 days 00:28:37,1717.0
RnDW_BRuodk,UgxDaloTsDUrIDn9cGF4AaABAg,@KeziahAlvesSantos,https://yt3.ggpht.com/EQFLLzGHcjZBjFxZbF9CaXK862TfPa2OCY6HH0LIRvKXExe1-tl6AiGKLIPrG4adGq3kQ44-gVY=s48-c-k-c0x00ffffff-no-rj,http://www.youtube.com/@KeziahAlvesSantos,UCb7Jgxo7ub1lLEuoDTi4wuQ,1000,2023-06-25 21:49:30+00:00,2023-06-25T21:49:30Z,0,none,True,False,,0.1268923282623291,0.6617715954780579,0.2113360464572906,UC9Qu6o04oTf-b2acahQVk1g,0 days 00:17:10,1030.0
RnDW_BRuodk,UgxbhhBBiOlhhc8yLr14AaABAg,@martimferreira7179,https://yt3.ggpht.com/ytc/AIdro_m-mpJbA5dqIIzTF3Zt4jESlF_5yu5YqJSMDB3_k4Fxzuo=s48-c-k-c0x00ffffff-no-rj,http://www.youtube.com/@martimferreira7179,UCuXtsFJF_tg9acj1lEmzHoA,"""Realista""",2023-06-25 21:56:52+00:00,2023-06-25T21:56:52Z,0,none,True,False,,0.1565594524145126,0.7224142551422119,0.121026299893856,UC9Qu6o04oTf-b2acahQVk1g,0 days 00:07:22,442.0
RnDW_BRuodk,UgzVYt1ldTuK0q7tQ5B4AaABAg,@evertonricardo1639,https://yt3.ggpht.com/9ORiMZZT-1u7jA9WJXcOSMd7XKHzek69sfoC7aivgsphzhQxhf3Xm0IsqehiTTcgpS-muN6Unw=s48-c-k-c0x00ffffff-no-rj,http://www.youtube.com/@evertonricardo1639,UChXKKThYqy2DNJHpYLnl-Cw,Realista,2023-06-25 22:46:29+00:00,2023-06-25T22:46:29Z,0,none,True,False,,0.2020911574363708,0.5554282665252686,0.2424804717302322,UC9Qu6o04oTf-b2acahQVk1g,0 days 00:49:37,2977.0
RnDW_BRuodk,UgzqGnuLx5PhUdhmgKV4AaABAg,@raimundanascimento6258,https://yt3.ggpht.com/ytc/AIdro_mC-F_LUNsLxxHq0iRkdThSk-g8rlByJUfRPLo8n2HtbmB0G7VDfzswGgLJModTHVY6_A=s48-c-k-c0x00ffffff-no-rj,http://www.youtube.com/@raimundanascimento6258,UC_Rvbe-_KSUdJf8eKVP-F8w,1000000000p0000000000000,2023-06-25 22:53:44+00:00,2023-06-25T22:53:44Z,0,none,True,False,,0.2073682844638824,0.6384953856468201,0.1541363894939422,UC9Qu6o04oTf-b2acahQVk1g,0 days 00:07:15,435.0
RnDW_BRuodk,UgwYtAtB3nKQVL2F9jJ4AaABAg,@raimundanascimento6258,https://yt3.ggpht.com/ytc/AIdro_mC-F_LUNsLxxHq0iRkdThSk-g8rlByJUfRPLo8n2HtbmB0G7VDfzswGgLJModTHVY6_A=s48-c-k-c0x00ffffff-no-rj,http://www.youtube.com/@raimundanascimento6258,UC_Rvbe-_KSUdJf8eKVP-F8w,MEU POTO,2023-06-25 22:54:43+00:00,2023-06-25T22:54:43Z,0,none,True,False,,0.20979905128479,0.5961721539497375,0.1940288096666336,UC9Qu6o04oTf-b2acahQVk1g,0 days 00:00:59,59.0
RnDW_BRuodk,UgyHO8YTRQNyGUJ1es54AaABAg,@raimundanascimento6258,https://yt3.ggpht.com/ytc/AIdro_mC-F_LUNsLxxHq0iRkdThSk-g8rlByJUfRPLo8n2HtbmB0G7VDfzswGgLJModTHVY6_A=s48-c-k-c0x00ffffff-no-rj,http://www.youtube.com/@raimundanascimento6258,UC_Rvbe-_KSUdJf8eKVP-F8w,FIU BOOM,2023-06-25 22:55:42+00:00,2023-06-25T22:55:42Z,1,none,True,False,,0.106021761894226,0.5497359037399292,0.3442423343658447,UC9Qu6o04oTf-b2acahQVk1g,0 days 00:00:59,59.0
RnDW_BRuodk,UgyTB5I1S9PzHS85vtl4AaABAg,@raimundanascimento6258,https://yt3.ggpht.com/ytc/AIdro_mC-F_LUNsLxxHq0iRkdThSk-g8rlByJUfRPLo8n2HtbmB0G7VDfzswGgLJModTHVY6_A=s48-c-k-c0x00ffffff-no-rj,http://www.youtube.com/@raimundanascimento6258,UC_Rvbe-_KSUdJf8eKVP-F8w,REALISTA,2023-06-25 23:17:51+00:00,2023-06-25T23:17:51Z,0,none,True,False,,0.1638481765985489,0.6785949468612671,0.1575568914413452,UC9Qu6o04oTf-b2acahQVk1g,0 days 00:22:09,1329.0
RnDW_BRuodk,UgzDt3VZIC94P9ASq2t4AaABAg,@soniamotaegilbertoo9696,https://yt3.ggpht.com/ytc/AIdro_m7PvM84_reeth16Oliqes7J_sVKA5w8rSFcEUNAjw=s48-c-k-c0x00ffffff-no-rj,http://www.youtube.com/@soniamotaegilbertoo9696,UC-HsDukSB0P2HiOetYU4aHg,10,2023-06-25 23:20:25+00:00,2023-06-25T23:20:25Z,0,none,True,False,,0.1864420175552368,0.582202136516571,0.2313558608293533,UC9Qu6o04oTf-b2acahQVk1g,0 days 00:02:34,154.0
RnDW_BRuodk,UgwjDi1GsXZOjoaJerF4AaABAg,@GlebercesarPolli-zj8pd,https://yt3.ggpht.com/ytc/AIdro_lTjWu-3Nr3rnVWW3pjtTt92B02C81EFsYtH532LAAnVfdL_xLvCVos3GLgui6Fba6opw=s48-c-k-c0x00ffffff-no-rj,http://www.youtube.com/@GlebercesarPolli-zj8pd,UCNB18U183SQ9TD_iYQv3o7Q,Oiiii √© üè† casa muito bem lindo mesmo assim com os outros  amigos üë¶ üòÖüòÖ‚ù§‚ù§‚ù§‚ù§‚ù§üéâüéâ nota 10000000‚ù§‚ù§‚ù§‚ù§üéâüéâüéâ,2023-06-25 23:36:19+00:00,2023-06-25T23:36:19Z,1,none,True,False,,0.0077659022063016,0.1575303375720977,0.834703803062439,UC9Qu6o04oTf-b2acahQVk1g,0 days 00:15:54,954.0
RnDW_BRuodk,UgyzpntXxuq_NGr2C8V4AaABAg,@luizaelauradossantosprates,https://yt3.ggpht.com/lNtUcREHVlZwaOJit-AYqF8pfwK83ybgRacQRRy89DjGNUPLM0RG2jZaYt5664lTe3NGgdhany4=s48-c-k-c0x00ffffff-no-rj,http://www.youtube.com/@luizaelauradossantosprates,UCwWdvgLqNApYg7xhdAE5i1A,ilha,2023-06-25 23:48:19+00:00,2023-06-25T23:48:19Z,0,none,True,False,,0.19000905752182,0.6289138793945312,0.1810770332813263,UC9Qu6o04oTf-b2acahQVk1g,0 days 00:12:00,720.0
RnDW_BRuodk,UgwQtojc4dD0p5ToNtx4AaABAg,@cristinasantossantos4581,https://yt3.ggpht.com/ytc/AIdro_kO4_YFEfK3ODw3QQTSbFjaG5_M3D8IST7z-VXZmnTEh-Aq3hi_OdWLaUpAEE2hmLQIiQ=s48-c-k-c0x00ffffff-no-rj,http://www.youtube.com/@cristinasantossantos4581,UCah1okTlRlMw5cSYN9sNDPw,10,2023-06-25 23:59:16+00:00,2023-06-25T23:59:16Z,0,none,True,False,,0.1864420175552368,0.582202136516571,0.2313558608293533,UC9Qu6o04oTf-b2acahQVk1g,0 days 00:10:57,657.0
RnDW_BRuodk,UgwB1ilG8FySIPr6GSx4AaABAg,@cristinasantossantos4581,https://yt3.ggpht.com/ytc/AIdro_kO4_YFEfK3ODw3QQTSbFjaG5_M3D8IST7z-VXZmnTEh-Aq3hi_OdWLaUpAEE2hmLQIiQ=s48-c-k-c0x00ffffff-no-rj,http://www.youtube.com/@cristinasantossantos4581,UCah1okTlRlMw5cSYN9sNDPw,10 kass,2023-06-25 23:59:37+00:00,2023-06-25T23:59:37Z,1,none,True,False,,0.2297361195087433,0.5788875818252563,0.1913762539625167,UC9Qu6o04oTf-b2acahQVk1g,0 days 00:00:21,21.0
RnDW_BRuodk,UgyeLJIa4FdAoz03Ysp4AaABAg,@Davizinho426,https://yt3.ggpht.com/NAdOhWrKiAnm5iEZid8jrQwXz-nAaXYAwEoBmnDH8UpGhsMSyIwjinx6MopQRpmrZwBLhN6IxjA=s48-c-k-c0x00ffffff-no-rj,http://www.youtube.com/@Davizinho426,UCRe0ymPbJFtpPsGZlVLZu3w,1000000 kass muito bom,2023-06-26 00:00:59+00:00,2023-06-26T00:00:59Z,1,none,True,False,,0.1370109766721725,0.7705748677253723,0.0924141779541969,UC9Qu6o04oTf-b2acahQVk1g,0 days 00:01:22,82.0
RnDW_BRuodk,Ugxayg7u-mM_14mNset4AaABAg,@Davizinho426,https://yt3.ggpht.com/NAdOhWrKiAnm5iEZid8jrQwXz-nAaXYAwEoBmnDH8UpGhsMSyIwjinx6MopQRpmrZwBLhN6IxjA=s48-c-k-c0x00ffffff-no-rj,http://www.youtube.com/@Davizinho426,UCRe0ymPbJFtpPsGZlVLZu3w,Casa linda,2023-06-26 00:01:15+00:00,2023-06-26T00:01:15Z,1,none,True,False,,0.1543145477771759,0.6914780735969543,0.1542074084281921,UC9Qu6o04oTf-b2acahQVk1g,0 days 00:00:16,16.0
RnDW_BRuodk,Ugwqf3IaaB0ULQe3dkt4AaABAg,@Pedrinho0863,https://yt3.ggpht.com/lMUFwcV7Rok-aKr76AhFhNhAkn15AIiMbkS_rjDUjqrzvy_mGaapGc_fKxpgkqVyR1Xn3gfAEd8=s48-c-k-c0x00ffffff-no-rj,http://www.youtube.com/@Pedrinho0863,UCHX-swkO8nHjRXepDkT2duA,Realista,2023-06-26 00:08:14+00:00,2023-06-26T00:08:14Z,0,none,True,False,,0.2020911574363708,0.5554282665252686,0.2424804717302322,UC9Qu6o04oTf-b2acahQVk1g,0 days 00:06:59,419.0
RnDW_BRuodk,Ugx9tcVi7zoFL058jjx4AaABAg,@adryele1,https://yt3.ggpht.com/-359BwrHyhFLoi7-YBdG1WGisVx8hXfDxMWqFmdgX6p4hFG9QyutXok784Ms6ynxfxv6ndUa=s48-c-k-c0x00ffffff-no-rj,http://www.youtube.com/@adryele1,UCB3OsqhOru5xxZ36ZQ4SRlg,REALISTA,2023-06-26 01:10:28+00:00,2023-06-26T01:10:28Z,0,none,True,False,,0.1638481765985489,0.6785949468612671,0.1575568914413452,UC9Qu6o04oTf-b2acahQVk1g,0 days 01:02:14,3734.0
RnDW_BRuodk,UgyyMWmTJ_QV9hsJZc94AaABAg,@marcelacebalho-gq1ds,https://yt3.ggpht.com/ytc/AIdro_k0PVo4Ayjzf9FlRcdjZAQYBwK430_hLvWlP9jgikQjC65W-ONDWjkk4dykteuHJ96HgQ=s48-c-k-c0x00ffffff-no-rj,http://www.youtube.com/@marcelacebalho-gq1ds,UCl8tYedtGC7uhCwHp6_hKwQ,0:31 iiiiiiiiiiii la eliiii,2023-06-26 02:40:19+00:00,2023-06-26T02:40:19Z,0,none,True,False,,0.0740280225872993,0.8386757969856262,0.0872960910201072,UC9Qu6o04oTf-b2acahQVk1g,0 days 01:29:51,5391.0
RnDW_BRuodk,UgxBmvRf-pCrtNTLVoN4AaABAg,@khallilpompeu,https://yt3.ggpht.com/ytc/AIdro_miAAAPZKICt45qLVk9PCfhKibQpsxJuYKJ1jCv5OhzuED7_B4kfBYRTHdu6Lm8ocHlAQ=s48-c-k-c0x00ffffff-no-rj,http://www.youtube.com/@khallilpompeu,UCoglKxokRcNRNTkGSTl7JDw,10  linda  ‚ù§‚ù§,2023-06-26 02:55:39+00:00,2023-06-26T02:55:39Z,0,none,True,False,,0.003406802425161,0.1365700960159301,0.8600231409072876,UC9Qu6o04oTf-b2acahQVk1g,0 days 00:15:20,920.0
RnDW_BRuodk,UgzMJha4ldf5ER-W9c94AaABAg,@jandeilsonjunio7118,https://yt3.ggpht.com/TojHepJ_XdETEXQRzyr67YeL2rBsBLfDTbrBKrBrMpdViXN_1aEpJoWnFLVmVXU0ls5MLaSb=s48-c-k-c0x00ffffff-no-rj,http://www.youtube.com/@jandeilsonjunio7118,UCxq_dWp2mZeT_EJnHCzwSmQ,"1,0000000000000000",2023-06-26 09:33:58+00:00,2023-06-26T09:33:58Z,0,none,True,False,,0.1915160119533538,0.6565827131271362,0.1519012749195099,UC9Qu6o04oTf-b2acahQVk1g,0 days 06:38:19,23899.0
RnDW_BRuodk,Ugx0mbTjtY2Uhd5PJRF4AaABAg,@zulmirafeliz8810,https://yt3.ggpht.com/ytc/AIdro_mv0wPThKU39Zc43KZV8uQcZ9OT-QPLmv9W_CjeMtjmww6xglaaxRgmkSeZC-5Vovcb2A=s48-c-k-c0x00ffffff-no-rj,http://www.youtube.com/@zulmirafeliz8810,UCrP-75m4DldRnOC-uko05-A,1,2023-06-26 11:03:25+00:00,2023-06-26T11:03:25Z,0,none,True,False,,0.2245717942714691,0.4965091347694397,0.2789191007614136,UC9Qu6o04oTf-b2acahQVk1g,0 days 01:29:27,5367.0
RnDW_BRuodk,Ugz7nwL8GPBjbIuGIep4AaABAg,@zulmirafeliz8810,https://yt3.ggpht.com/ytc/AIdro_mv0wPThKU39Zc43KZV8uQcZ9OT-QPLmv9W_CjeMtjmww6xglaaxRgmkSeZC-5Vovcb2A=s48-c-k-c0x00ffffff-no-rj,http://www.youtube.com/@zulmirafeliz8810,UCrP-75m4DldRnOC-uko05-A,Milhaaao,2023-06-26 11:03:41+00:00,2023-06-26T11:03:41Z,0,none,True,False,,0.1901536881923675,0.6796877980232239,0.1301585882902145,UC9Qu6o04oTf-b2acahQVk1g,0 days 00:00:16,16.0
RnDW_BRuodk,UgwY_ZRvbU1xV1Kz4d14AaABAg,@mariacarmo5223,https://yt3.ggpht.com/ytc/AIdro_njQZwfp_to_SoyUNXxbPQs-YW455vlo07OwiOihq4=s48-c-k-c0x00ffffff-no-rj,http://www.youtube.com/@mariacarmo5223,UCkPsN8K1Qt4OsKuafHwl4AQ,10000,2023-06-26 11:07:53+00:00,2023-06-26T11:07:53Z,1,none,True,False,,0.1301015764474868,0.6795271039009094,0.1903713196516037,UC9Qu6o04oTf-b2acahQVk1g,0 days 00:04:12,252.0
RnDW_BRuodk,UgwSngz0mNnizqIi4pd4AaABAg,@jurubapitangui-sb7kd,https://yt3.ggpht.com/ytc/AIdro_nQWtDjnkGaIYmOsk65bxLAmt6sDD9KGCnr9j4CzKha7Ht707dqW4PbsI-coFFXsWHIFA=s48-c-k-c0x00ffffff-no-rj,http://www.youtube.com/@jurubapitangui-sb7kd,UCgWcjuYLnPY3D221-Y7DvUQ,Nota 10,2023-06-26 12:45:35+00:00,2023-06-26T12:45:35Z,1,none,True,False,,0.2790092825889587,0.6043573617935181,0.1166332960128784,UC9Qu6o04oTf-b2acahQVk1g,0 days 01:37:42,5862.0
RnDW_BRuodk,UgynlgN3crFRv9W2Rw54AaABAg,@LucasAlmeida-hy7co,https://yt3.ggpht.com/ZIG0TnEkmgmjmo8534OoZYZYUNycPW_ykjjVqb1akQu1UKcz7rwwu58v5q2BzokZIw4MxslB=s48-c-k-c0x00ffffff-no-rj,http://www.youtube.com/@LucasAlmeida-hy7co,UCGc2a_bO3DbbCUh0DW5Q4Dg,Lucas.  10000000,2023-06-26 13:40:09+00:00,2023-06-26T13:40:09Z,0,none,True,False,,0.0887687131762504,0.6266186237335205,0.2846126556396484,UC9Qu6o04oTf-b2acahQVk1g,0 days 00:54:34,3274.0
RnDW_BRuodk,UgxmeuDqa8qcFjqnwAB4AaABAg,@JoaoLucas-mu2ip,https://yt3.ggpht.com/ytc/AIdro_mhsmnYE8s43yKvrOUEuO15ubUhsinTg2sCvnzOqI9_bv10vBFKsBHnJGDP5ESWQFEWmg=s48-c-k-c0x00ffffff-no-rj,http://www.youtube.com/@JoaoLucas-mu2ip,UCDEmsdEH9hPr6HtTwmO_Bxg,REALITA,2023-06-26 13:49:02+00:00,2023-06-26T13:49:02Z,0,none,True,False,,0.1819883584976196,0.6292774081230164,0.1887342184782028,UC9Qu6o04oTf-b2acahQVk1g,0 days 00:08:53,533.0
RnDW_BRuodk,UgzyQTnmPML_tTvoD994AaABAg,@JoaoLucas-mu2ip,https://yt3.ggpht.com/ytc/AIdro_mhsmnYE8s43yKvrOUEuO15ubUhsinTg2sCvnzOqI9_bv10vBFKsBHnJGDP5ESWQFEWmg=s48-c-k-c0x00ffffff-no-rj,http://www.youtube.com/@JoaoLucas-mu2ip,UCDEmsdEH9hPr6HtTwmO_Bxg,iLAH,2023-06-26 14:09:36+00:00,2023-06-26T14:09:36Z,0,none,True,False,,0.3450615108013153,0.5169883966445923,0.1379500329494476,UC9Qu6o04oTf-b2acahQVk1g,0 days 00:20:34,1234.0
RnDW_BRuodk,UgyvI1Z36x7-lJvPCaJ4AaABAg,@KalebeBotelho-x9v,https://yt3.ggpht.com/ytc/AIdro_lstB3YH641mvD7c0F5CsIK1VohS5sGjDHznzqAxeFzDrKoh35mwiEQPb1tQwNdxYWaWA=s48-c-k-c0x00ffffff-no-rj,http://www.youtube.com/@KalebeBotelho-x9v,UCNN0-cBrWettaY7MTDEUKFw,RealisTa,2023-06-26 15:09:20+00:00,2023-06-26T15:09:20Z,0,none,True,False,,0.1849791556596756,0.6297304630279541,0.1852903813123703,UC9Qu6o04oTf-b2acahQVk1g,0 days 00:59:44,3584.0
RnDW_BRuodk,UgwvVNShLXU4fmuf1_h4AaABAg,@RaquelAnesia,https://yt3.ggpht.com/ytc/AIdro_lBG4Q2j7htJbxg-phr_qVcAKlNOGbhJhWBe0SkBAuX3EdiRFA_mJUmpSD86gxTbRG5GQ=s48-c-k-c0x00ffffff-no-rj,http://www.youtube.com/@RaquelAnesia,UCFLGQowy9aaFuh9Wl3UrESQ,"Kass eu amei sua CS ü¶äüåæü•∞üíñüòç
üëá",2023-06-26 16:32:46+00:00,2023-06-26T16:32:46Z,3,none,True,False,,0.00175153138116,0.1126502007246017,0.8855982422828674,UC9Qu6o04oTf-b2acahQVk1g,0 days 01:23:26,5006.0
RnDW_BRuodk,UgwH0RX7XO0wIoU9yER4AaABAg,@nathanalves9629,https://yt3.ggpht.com/ytc/AIdro_mQPSrH_ciG7qqWxXbvLdt-yOWg8iIxIJ94kZavog4xQVh7F-Pwyaiwm5oLdrxwNC7pVw=s48-c-k-c0x00ffffff-no-rj,http://www.youtube.com/@nathanalves9629,UCeH0Sor1c7FZi79w8BN1pNg,Mais    videosüéâüéâ,2023-06-26 17:13:29+00:00,2023-06-26T17:13:29Z,0,none,True,False,,0.002483683405444,0.1390541791915893,0.8584621548652649,UC9Qu6o04oTf-b2acahQVk1g,0 days 00:40:43,2443.0
RnDW_BRuodk,UgzzfjBG6QZBSi-gnS54AaABAg,@marcosdiederichs602,https://yt3.ggpht.com/dHPdnuayBeA6jjCCt4EjPbrSWY3wojB03eoqOa5xyhD_mTi-6dtT2WPlhDHPRWl5smV_IVfAxw=s48-c-k-c0x00ffffff-no-rj,http://www.youtube.com/@marcosdiederichs602,UCXen4nDcmYjratk5g5jwf4w,10 pro kass,2023-06-26 19:02:22+00:00,2023-06-26T19:02:22Z,1,none,True,False,,0.1416920125484466,0.7220749855041504,0.1362329423427581,UC9Qu6o04oTf-b2acahQVk1g,0 days 01:48:53,6533.0
RnDW_BRuodk,UgwobS5hnWpJwWlNmeR4AaABAg,@marcosdiederichs602,https://yt3.ggpht.com/dHPdnuayBeA6jjCCt4EjPbrSWY3wojB03eoqOa5xyhD_mTi-6dtT2WPlhDHPRWl5smV_IVfAxw=s48-c-k-c0x00ffffff-no-rj,http://www.youtube.com/@marcosdiederichs602,UCXen4nDcmYjratk5g5jwf4w,O o o  kass √© o melhor o o o o kr √© pior o o o kass √© bonito o o o kr √© um cabrito  o o o kass √©  querido o o o kr √© um fedido agora vem a parte principal o o o kass √© pro o o o kr √© o noob,2023-06-26 19:05:53+00:00,2023-06-26T19:05:53Z,0,none,True,False,,0.0964997634291648,0.8513315320014954,0.0521686822175979,UC9Qu6o04oTf-b2acahQVk1g,0 days 00:03:31,211.0
RnDW_BRuodk,UgwKrZtCWnWeNdS6wrZ4AaABAg,@migueldrevek5667,https://yt3.ggpht.com/ytc/AIdro_kexSU46w6cYLAw7n2skj-kjy6uv4tRLz7Q3K1rsh5kWb6z0DWyfRdUElppkPxsBgt36Q=s48-c-k-c0x00ffffff-no-rj,http://www.youtube.com/@migueldrevek5667,UCU1lBz-5ch0v_agN9XUxlbw,Ikass nota 1500,2023-06-26 19:53:16+00:00,2023-06-26T19:53:16Z,1,none,True,False,,0.2514227926731109,0.6355913281440735,0.1129859015345573,UC9Qu6o04oTf-b2acahQVk1g,0 days 00:47:23,2843.0
RnDW_BRuodk,Ugy5L_afc-uFMh-b2mF4AaABAg,@DanielNascimento-ju1vl,https://yt3.ggpht.com/ytc/AIdro_kK07Ml9vtMhUDmL2eWHI4BOxbxTq0RlbBs28dRVwpfsA3IgJAJj3zvCLBlnO6T9Ui8Dg=s48-c-k-c0x00ffffff-no-rj,http://www.youtube.com/@DanielNascimento-ju1vl,UCVGRHgwzRmUOLJ9hEOVzpMg,Kass a sua casa n√£o parece ser de pobre mas sim de rico,2023-06-26 23:44:18+00:00,2023-06-26T23:44:18Z,3,none,True,False,,0.1418958902359008,0.7981651425361633,0.0599389597773551,UC9Qu6o04oTf-b2acahQVk1g,0 days 03:51:02,13862.0
RnDW_BRuodk,UgxwopdPtxC0vm4LdjF4AaABAg,@gabriellysilva1932,https://yt3.ggpht.com/KUYnDKspkXpJc96rtf6oBJuEP7pERnvyncxFk6fSThegwBgLelc07WkkEdcfaxay64TLJUaL-20=s48-c-k-c0x00ffffff-no-rj,http://www.youtube.com/@gabriellysilva1932,UCw1h41Dv4CEGi52bmzz_gmg,Adoro a risada do KR ‚ù§,2023-06-27 12:08:54+00:00,2023-06-27T12:08:54Z,4,none,True,False,,0.0037141763605177,0.2583025097846985,0.7379832863807678,UC9Qu6o04oTf-b2acahQVk1g,0 days 12:24:36,44676.0
RnDW_BRuodk,Ugy46ZxuUcuMinnEiJR4AaABAg,@Pedrocr7-,https://yt3.ggpht.com/eHo7Aaj7PU2214UvmrR1O45x7hiMAS36MGdu6wSS7VyUzlBra_NGuRtwzZbo_-TxmxvI5YVO4jo=s48-c-k-c0x00ffffff-no-rj,http://www.youtube.com/@Pedrocr7-,UCf7eSbzsq0L3KHXti69EWdA,Realista,2023-06-27 23:19:30+00:00,2023-06-27T23:19:30Z,0,none,True,False,,0.2020911574363708,0.5554282665252686,0.2424804717302322,UC9Qu6o04oTf-b2acahQVk1g,0 days 11:10:36,40236.0
RnDW_BRuodk,UgzygB5r_3hRNgD_FyJ4AaABAg,@Pedrocr7-,https://yt3.ggpht.com/eHo7Aaj7PU2214UvmrR1O45x7hiMAS36MGdu6wSS7VyUzlBra_NGuRtwzZbo_-TxmxvI5YVO4jo=s48-c-k-c0x00ffffff-no-rj,http://www.youtube.com/@Pedrocr7-,UCf7eSbzsq0L3KHXti69EWdA,Nota. 10,2023-06-27 23:25:38+00:00,2023-06-27T23:25:38Z,0,none,True,False,,0.2513004541397095,0.6493191123008728,0.0993804112076759,UC9Qu6o04oTf-b2acahQVk1g,0 days 00:06:08,368.0
RnDW_BRuodk,Ugw4GebDiO13Aho4ABB4AaABAg,@Pedrocr7-,https://yt3.ggpht.com/eHo7Aaj7PU2214UvmrR1O45x7hiMAS36MGdu6wSS7VyUzlBra_NGuRtwzZbo_-TxmxvI5YVO4jo=s48-c-k-c0x00ffffff-no-rj,http://www.youtube.com/@Pedrocr7-,UCf7eSbzsq0L3KHXti69EWdA,Adorei a risada do. Kr,2023-06-27 23:26:24+00:00,2023-06-27T23:26:24Z,0,none,True,False,,0.0825128778815269,0.8114482164382935,0.106038898229599,UC9Qu6o04oTf-b2acahQVk1g,0 days 00:00:46,46.0
RnDW_BRuodk,UgwBFqoaxrll3oDNYrR4AaABAg,@Pedrocr7-,https://yt3.ggpht.com/eHo7Aaj7PU2214UvmrR1O45x7hiMAS36MGdu6wSS7VyUzlBra_NGuRtwzZbo_-TxmxvI5YVO4jo=s48-c-k-c0x00ffffff-no-rj,http://www.youtube.com/@Pedrocr7-,UCf7eSbzsq0L3KHXti69EWdA,ilha,2023-06-27 23:43:15+00:00,2023-06-27T23:43:15Z,1,none,True,False,,0.19000905752182,0.6289138793945312,0.1810770332813263,UC9Qu6o04oTf-b2acahQVk1g,0 days 00:16:51,1011.0
RnDW_BRuodk,UgynOTepoDKUoEhKzmJ4AaABAg,@Pedrocr7-,https://yt3.ggpht.com/eHo7Aaj7PU2214UvmrR1O45x7hiMAS36MGdu6wSS7VyUzlBra_NGuRtwzZbo_-TxmxvI5YVO4jo=s48-c-k-c0x00ffffff-no-rj,http://www.youtube.com/@Pedrocr7-,UCf7eSbzsq0L3KHXti69EWdA,O. Porquinho t√° muito engra√ßado,2023-06-27 23:44:33+00:00,2023-06-27T23:44:33Z,1,none,True,False,,0.0825475677847862,0.8559129238128662,0.061539564281702,UC9Qu6o04oTf-b2acahQVk1g,0 days 00:01:18,78.0
RnDW_BRuodk,Ugz4YUwXZKqdhWW-GKx4AaABAg,@katielabarbosa-fb1hd,https://yt3.ggpht.com/ytc/AIdro_miAAAPZKICt45qLVk9PCfhKibQpsxJuYKJ1jCv5OhzuED7_B4kfBYRTHdu6Lm8ocHlAQ=s48-c-k-c0x00ffffff-no-rj,http://www.youtube.com/@katielabarbosa-fb1hd,UCQTK2K8YG9CwQ0YGFm3FGKQ,10,2023-06-29 02:47:49+00:00,2023-06-29T02:47:49Z,1,none,True,False,,0.1864420175552368,0.582202136516571,0.2313558608293533,UC9Qu6o04oTf-b2acahQVk1g,1 days 03:03:16,97396.0
RnDW_BRuodk,Ugx6IH1w93Y8GcU15R94AaABAg,@bryanmarquess-sr1co,https://yt3.ggpht.com/ytc/AIdro_nSY3SKVIB-lh59yGyZKnSBMStdyKAx-ey6Y__AoaVIck-hLXmMGqnd_XiRQfZveTs5Jg=s48-c-k-c0x00ffffff-no-rj,http://www.youtube.com/@bryanmarquess-sr1co,UCgCZUZFcdu-h8ebk503lVig,üéâ10,2023-06-29 09:54:14+00:00,2023-06-29T09:54:14Z,1,none,True,False,,0.006400725338608,0.4550803899765014,0.5385188460350037,UC9Qu6o04oTf-b2acahQVk1g,0 days 07:06:25,25585.0
RnDW_BRuodk,UgwHPF26cVk9vi-WNFl4AaABAg,@marileidepereira8725,https://yt3.ggpht.com/ytc/AIdro_meZQDvkVwIytlz05tUr4sKYRoxduo30MYm6fDWZDFwo5Dx5x44u4bpmQY2f_R4uW4yGQ=s48-c-k-c0x00ffffff-no-rj,http://www.youtube.com/@marileidepereira8725,UCWW-2cUUhBT3pRzB4hDoeYQ,Ilha,2023-06-30 00:07:54+00:00,2023-06-30T00:07:54Z,1,none,True,False,,0.2089649438858032,0.6259809136390686,0.1650541722774505,UC9Qu6o04oTf-b2acahQVk1g,0 days 14:13:40,51220.0
RnDW_BRuodk,UgxcIyveW_bpGOpuept4AaABAg,@ManuVict√≥ria-s8u,https://yt3.ggpht.com/IH2B9vgFMYAUs8nsg_vkAj4GOYWsclTSVjuLA6RdUTCICm_GmsQvlLk6VvPEmQA1UyATwsOwNQ=s48-c-k-c0x00ffffff-no-rj,http://www.youtube.com/@ManuVict%C3%B3ria-s8u,UCPy8eAj4s7ZrpvsCQpPVUqw,"REAIiSTA
Video incrivel kass √© KR
IIha kkkkkk ‚ù§‚ù§‚ù§‚ù§",2023-06-30 19:26:36+00:00,2023-06-30T19:26:36Z,2,none,True,False,,0.0044509619474411,0.1409174650907516,0.8546315431594849,UC9Qu6o04oTf-b2acahQVk1g,0 days 19:18:42,69522.0
RnDW_BRuodk,Ugw1jKaHIQLOS5Jj3bd4AaABAg,@levintv353,https://yt3.ggpht.com/1h7GhJdHA_djM4ntJk8Hu5IETADU2E9CegNBXsHb1GD2Kk5hYmrhhUq1p6sHATdMXEcQQVU7LA=s48-c-k-c0x00ffffff-no-rj,http://www.youtube.com/@levintv353,UCoAR7X9TmG6PPBtrRp8vVhg,Realista,2023-07-03 17:23:54+00:00,2023-07-03T17:23:54Z,0,none,True,False,,0.2020911574363708,0.5554282665252686,0.2424804717302322,UC9Qu6o04oTf-b2acahQVk1g,2 days 21:57:18,251838.0
RnDW_BRuodk,UgyoS2k18MZsX0CuJpF4AaABAg,@sidneysilvano9140,https://yt3.ggpht.com/ytc/AIdro_mzhlW-1eK3MEZVrd2BaIDpmnzxa97jk1h_xSEOzfU=s48-c-k-c0x00ffffff-no-rj,http://www.youtube.com/@sidneysilvano9140,UC8-NMySzwNqsy2iW043F88g,nota 100.000.000,2023-07-03 23:56:59+00:00,2023-07-03T23:56:59Z,0,none,True,False,,0.3761100471019745,0.5651950836181641,0.0586948655545711,UC9Qu6o04oTf-b2acahQVk1g,0 days 06:33:05,23585.0
RnDW_BRuodk,UgyZzcrOJWRUIzI-IPJ4AaABAg,@paulaluna195,https://yt3.ggpht.com/EJOD0hZgV2Fp97r0q9mgZpJUjj4X7L1oJdSQpWTL4fYjWoWnwCsFbyA461rN_6FmkfRBJOCh=s48-c-k-c0x00ffffff-no-rj,http://www.youtube.com/@paulaluna195,UCndkaXZQ4tfctHApe6xwD7g,REALISTA,2023-07-04 10:05:17+00:00,2023-07-04T10:05:17Z,1,none,True,False,,0.1638481765985489,0.6785949468612671,0.1575568914413452,UC9Qu6o04oTf-b2acahQVk1g,0 days 10:08:18,36498.0
RnDW_BRuodk,UgxQnmO6EUqi-pKF8Z14AaABAg.9rNxVlU6Lt49rnTDfV6p-n,@monicaschmidt4659,https://yt3.ggpht.com/ytc/AIdro_kexSU46w6cYLAw7n2skj-kjy6uv4tRLz7Q3K1rsh5kWb6z0DWyfRdUElppkPxsBgt36Q=s48-c-k-c0x00ffffff-no-rj,http://www.youtube.com/@monicaschmidt4659,UC5RzqWZscOZak_2KLOtmE3Q,10,2023-07-05 19:30:32+00:00,2023-07-05T19:30:32Z,0,none,True,True,UgxQnmO6EUqi-pKF8Z14AaABAg,,,,UC9Qu6o04oTf-b2acahQVk1g,1 days 09:25:15,120315.0
RnDW_BRuodk,UgxcIyveW_bpGOpuept4AaABAg.9ra_nT6FOy39rs-426eYcY,@fernandaquintelodesouza591,https://yt3.ggpht.com/ytc/AIdro_kcXEOu6k8h4vhd7TDiBQEyGlFlZxCRHzbQX8RkSVGKqSDE8MJMACx0THsWFFcXjtrIGA=s48-c-k-c0x00ffffff-no-rj,http://www.youtube.com/@fernandaquintelodesouza591,UCs7OFVXouUEXLIYhp1N5bXg,üò¢üòÖ,2023-07-07 13:43:17+00:00,2023-07-07T13:43:17Z,0,none,True,True,UgxcIyveW_bpGOpuept4AaABAg,,,,UC9Qu6o04oTf-b2acahQVk1g,1 days 18:12:45,151965.0
RnDW_BRuodk,UgxcIyveW_bpGOpuept4AaABAg.9ra_nT6FOy39rs-7TPkXwH,@fernandaquintelodesouza591,https://yt3.ggpht.com/ytc/AIdro_kcXEOu6k8h4vhd7TDiBQEyGlFlZxCRHzbQX8RkSVGKqSDE8MJMACx0THsWFFcXjtrIGA=s48-c-k-c0x00ffffff-no-rj,http://www.youtube.com/@fernandaquintelodesouza591,UCs7OFVXouUEXLIYhp1N5bXg,000.10,2023-07-07 13:43:45+00:00,2023-07-07T13:43:45Z,0,none,True,True,UgxcIyveW_bpGOpuept4AaABAg,,,,UC9Qu6o04oTf-b2acahQVk1g,0 days 00:00:28,28.0
RnDW_BRuodk,Ugz6GPP1lW3olCA89hl4AaABAg.9rOHb1A_6ev9rtCA445JrF,@CarlosAndre-be7bn,https://yt3.ggpht.com/ytc/AIdro_ltk7FptRjzzQo_UUw4XpAQlWuqg_k5mUzL9mtL-w4=s48-c-k-c0x00ffffff-no-rj,http://www.youtube.com/@CarlosAndre-be7bn,UCZa0i8vLJYkdsfb-GcZzU9A,Realista,2023-07-08 00:56:56+00:00,2023-07-08T00:56:56Z,0,none,True,True,Ugz6GPP1lW3olCA89hl4AaABAg,,,,UC9Qu6o04oTf-b2acahQVk1g,0 days 11:13:11,40391.0
RnDW_BRuodk,UgyKvsMAcgP2AHhiQIZ4AaABAg,@liviadark17,https://yt3.ggpht.com/noDvHUbpRpP43XpLtD8H_MnayfVYlhi_Ym_leScO38bpuiC9SAA-2s65cWb8kFb2Fa9-JFWcTkg=s48-c-k-c0x00ffffff-no-rj,http://www.youtube.com/@liviadark17,UCzuDY-Yi4hjBsC--LxTF2-Q,Realidade üòä,2023-07-08 20:33:52+00:00,2023-07-08T20:33:52Z,0,none,True,False,,0.0042431568726897,0.1525201201438903,0.8432366847991943,UC9Qu6o04oTf-b2acahQVk1g,0 days 19:36:56,70616.0
RnDW_BRuodk,Ugwx8j1-qsvZiB8agTh4AaABAg,@PedroluccasFonseca-vz9wb,https://yt3.ggpht.com/ytc/AIdro_lXZATiSU94AudKCeqOS-aak7Qi50J9-N9s4qqnF2E7CRmgta6gS959E91ZM-ms0kpswQ=s48-c-k-c0x00ffffff-no-rj,http://www.youtube.com/@PedroluccasFonseca-vz9wb,UCCr_1KW0b_sVX1HacHTN64A,100,2023-07-09 17:43:50+00:00,2023-07-09T17:43:50Z,0,none,True,False,,0.1870799362659454,0.5676014423370361,0.2453186213970184,UC9Qu6o04oTf-b2acahQVk1g,0 days 21:09:58,76198.0
RnDW_BRuodk,Ugz0nuWVLBUsAV2GXm94AaABAg,@lisandradocinho3790,https://yt3.ggpht.com/ytc/AIdro_mRGl7DWFHpZklGbKRQ0D2RZZZCgk-c2IXTLD0v7a0oIRM=s48-c-k-c0x00ffffff-no-rj,http://www.youtube.com/@lisandradocinho3790,UCapqj8lUWiyjqLLkK_9zpOg,"9,9kkkk",2023-07-10 13:06:08+00:00,2023-07-10T13:06:08Z,0,none,True,False,,0.1177967339754104,0.6930064558982849,0.1891968101263046,UC9Qu6o04oTf-b2acahQVk1g,0 days 19:22:18,69738.0
RnDW_BRuodk,UgxeLBpMlqxVZDxBpJ14AaABAg,@pedrogael2627,https://yt3.ggpht.com/hFTfKz0iNrof0ZlS63HAVgdRb8qvoN1-qVYVr-riMnIDeCzQHQL6560ICNiSEguIh_W-FTQAkw=s48-c-k-c0x00ffffff-no-rj,http://www.youtube.com/@pedrogael2627,UCQ-AhQawBz3PNeSxyW9ubEw,REALISTA,2023-07-10 23:17:32+00:00,2023-07-10T23:17:32Z,0,none,True,False,,0.1638481765985489,0.6785949468612671,0.1575568914413452,UC9Qu6o04oTf-b2acahQVk1g,0 days 10:11:24,36684.0
RnDW_BRuodk,UgyPDtnpg4uAogo0tgR4AaABAg,@pedrogael2627,https://yt3.ggpht.com/hFTfKz0iNrof0ZlS63HAVgdRb8qvoN1-qVYVr-riMnIDeCzQHQL6560ICNiSEguIh_W-FTQAkw=s48-c-k-c0x00ffffff-no-rj,http://www.youtube.com/@pedrogael2627,UCQ-AhQawBz3PNeSxyW9ubEw,REALiSTA,2023-07-10 23:18:16+00:00,2023-07-10T23:18:16Z,0,none,True,False,,0.1167001873254776,0.7428547143936157,0.1404451131820678,UC9Qu6o04oTf-b2acahQVk1g,0 days 00:00:44,44.0
RnDW_BRuodk,Ugzh9D_XIBkX1wpiufR4AaABAg,@gabrielesilva9819,https://yt3.ggpht.com/byykEJIsmcmcVQCp5ltIThXp3BsnH5YTt-AOgSTDmaCvm_t5wZhbmB9stfwLY5Fg8Ga6O-ccm_8=s48-c-k-c0x00ffffff-no-rj,http://www.youtube.com/@gabrielesilva9819,UCHIuxZsCSNe9HDAGPRA9CbQ,O kass √© perturbado e chato n√© kr,2023-07-12 14:08:16+00:00,2023-07-12T14:08:16Z,0,none,True,False,,0.1498040109872818,0.7719076871871948,0.0782882496714592,UC9Qu6o04oTf-b2acahQVk1g,1 days 14:50:00,139800.0
RnDW_BRuodk,UgytEbE5AQTdEA7syYJ4AaABAg,@Nubezinho-FF,https://yt3.ggpht.com/zI4mv73Jr1lfo8oHPA5smcVG5PkmVWD9PJU7jnNx7fe79k7675gZf11eoeIIcN80usKoOMBv=s48-c-k-c0x00ffffff-no-rj,http://www.youtube.com/@Nubezinho-FF,UCrVPoWBCTs1qjh715AKngWA,10,2023-07-14 05:20:16+00:00,2023-07-14T05:20:16Z,0,none,True,False,,0.1864420175552368,0.582202136516571,0.2313558608293533,UC9Qu6o04oTf-b2acahQVk1g,1 days 15:12:00,141120.0
RnDW_BRuodk,UgyyJYYfE3ev0-cOwcN4AaABAg,@Claubert-y3t,https://yt3.ggpht.com/ytc/AIdro_mIwmOWixO3beIzPS1KrkOcL7bCtFf4JjSrxK3XBh3w8AGlMUaGWuQGy0UKisQHftHW9Q=s48-c-k-c0x00ffffff-no-rj,http://www.youtube.com/@Claubert-y3t,UCx5_NKKTDorqQBC3PWXQ50g,eu.  coitado. do kass.   eu. nao. gosto.   de.  voce!  krüò°asinado. hellena leal. grunov,2023-07-15 21:57:13+00:00,2023-07-15T21:57:13Z,0,none,True,False,,0.268241822719574,0.6597373485565186,0.0720208510756492,UC9Qu6o04oTf-b2acahQVk1g,1 days 16:36:57,146217.0
RnDW_BRuodk,UgwKJp-v8b69EKsCNHl4AaABAg,@Claubert-y3t,https://yt3.ggpht.com/ytc/AIdro_mIwmOWixO3beIzPS1KrkOcL7bCtFf4JjSrxK3XBh3w8AGlMUaGWuQGy0UKisQHftHW9Q=s48-c-k-c0x00ffffff-no-rj,http://www.youtube.com/@Claubert-y3t,UCx5_NKKTDorqQBC3PWXQ50g,quecasalindakass‚ù§‚ù§‚ù§‚ù§üê∑ü¶äü¶Å,2023-07-15 22:02:08+00:00,2023-07-15T22:02:08Z,0,none,True,False,,0.0027251529973,0.1217776462435722,0.8754972219467163,UC9Qu6o04oTf-b2acahQVk1g,0 days 00:04:55,295.0
RnDW_BRuodk,UgxOLjsgSZ6LkLIyrtR4AaABAg,@MarlyDeJeus-no5us,https://yt3.ggpht.com/ytc/AIdro_najrNirkES91uW9O1x7uafNumbXLKuwgH-mLyamJqgfhwuBIDWRZGGBzH6fCNh-gOl0g=s48-c-k-c0x00ffffff-no-rj,http://www.youtube.com/@MarlyDeJeus-no5us,UCL607is_VjgDb99l89WN9Zw,1o,2023-07-19 18:34:39+00:00,2023-07-19T18:34:39Z,1,none,True,False,,0.2326529175043106,0.4986469447612762,0.2687000632286072,UC9Qu6o04oTf-b2acahQVk1g,3 days 20:32:31,333151.0
RnDW_BRuodk,UgxJU3ww1LNlSKAZcmN4AaABAg,@RodrigoAlvesdosSantosAlvesdosS,https://yt3.ggpht.com/ytc/AIdro_lawf9yWTQpDKE0MLo3587nhlwH_ppxDQse0Bw_-WWV25kHUsQnoRSTBnBBFdxj69wZBg=s48-c-k-c0x00ffffff-no-rj,http://www.youtube.com/@RodrigoAlvesdosSantosAlvesdosS,UCdShyDfcXH84LesbzCIzPGg,10,2023-07-20 22:21:51+00:00,2023-07-20T22:21:51Z,0,none,True,False,,0.1864420175552368,0.582202136516571,0.2313558608293533,UC9Qu6o04oTf-b2acahQVk1g,1 days 03:47:12,100032.0
RnDW_BRuodk,UgznlTO_IoSoo705sZJ4AaABAg,@leonorpintosilva,https://yt3.ggpht.com/GgeM7YMW21cglyafZZzmEAMb4Z7ZSMqlPoJi1vsm8CTv-X6MFmc4vk42tpQCN1xGfVRjHYN9o9M=s48-c-k-c0x00ffffff-no-rj,http://www.youtube.com/@leonorpintosilva,UCEkazX7fVCDBLg6PyfHz-Yg,Realista,2023-07-24 13:32:33+00:00,2023-07-24T13:32:33Z,0,none,True,False,,0.2020911574363708,0.5554282665252686,0.2424804717302322,UC9Qu6o04oTf-b2acahQVk1g,3 days 15:10:42,313842.0
RnDW_BRuodk,UgxLjKcQJ5_w31xEP4F4AaABAg,@RegilaneBarbosa-p7p,https://yt3.ggpht.com/ytc/AIdro_mC-F_LUNsLxxHq0iRkdThSk-g8rlByJUfRPLo8n2HtbmB0G7VDfzswGgLJModTHVY6_A=s48-c-k-c0x00ffffff-no-rj,http://www.youtube.com/@RegilaneBarbosa-p7p,UCfSffxp9z-accvWcjVAnexw,lala‚ù§üòÇüòÇüòÇ,2023-07-25 12:19:30+00:00,2023-07-25T12:19:30Z,0,none,True,False,,0.0126416590064764,0.2772580683231354,0.7101002931594849,UC9Qu6o04oTf-b2acahQVk1g,0 days 22:46:57,82017.0
RnDW_BRuodk,UgxwQ8u7MzAbVgOBxvh4AaABAg,@LucasLucasa-y6s,https://yt3.ggpht.com/9OEgw9k2LOOaHzd61BBngt962UJXS3QOnAf8wYsdeHRi72uzDhAeGpAjwsq5PCzogvjB8V5pNA=s48-c-k-c0x00ffffff-no-rj,http://www.youtube.com/@LucasLucasa-y6s,UCeEqwxY8S3GNnc6oLnFGNLQ,üê∑üêñ‚ù§‚ù§‚ù§‚ù§,2023-07-26 16:08:51+00:00,2023-07-26T16:08:51Z,0,none,True,False,,0.0029237729031592,0.0686355903744697,0.9284406304359436,UC9Qu6o04oTf-b2acahQVk1g,1 days 03:49:21,100161.0
RnDW_BRuodk,Ugy_xhjKx7YeLizE5HB4AaABAg,@LucasLucasa-y6s,https://yt3.ggpht.com/9OEgw9k2LOOaHzd61BBngt962UJXS3QOnAf8wYsdeHRi72uzDhAeGpAjwsq5PCzogvjB8V5pNA=s48-c-k-c0x00ffffff-no-rj,http://www.youtube.com/@LucasLucasa-y6s,UCeEqwxY8S3GNnc6oLnFGNLQ,10,2023-07-26 16:15:58+00:00,2023-07-26T16:15:58Z,0,none,True,False,,0.1864420175552368,0.582202136516571,0.2313558608293533,UC9Qu6o04oTf-b2acahQVk1g,0 days 00:07:07,427.0
RnDW_BRuodk,UgwOqxDG-cBbfhLJIrh4AaABAg,@RayssaEmanuelly-u3j,https://yt3.ggpht.com/ytc/AIdro_nda3NuW4HXFz11TFja6elUTDgEB9wuwjLWBcCho3VqWai3G3DxOL09_d1cje349l3kKw=s48-c-k-c0x00ffffff-no-rj,http://www.youtube.com/@RayssaEmanuelly-u3j,UCgIT6tHDx7E_2uclIUZ6FiA,Nota  10,2023-07-28 17:06:05+00:00,2023-07-28T17:06:05Z,0,none,True,False,,0.2634196579456329,0.5977966785430908,0.1387836784124374,UC9Qu6o04oTf-b2acahQVk1g,2 days 00:50:07,175807.0
RnDW_BRuodk,UgwcWf3YAL-_M2FsezN4AaABAg,@rafaelbragaolivera5204,https://yt3.ggpht.com/ytc/AIdro_lXNBnVor2T5FVc9Go-w378cXn6JmX-YLkW1G6mVZyFzwgLjg01XTaBOrjvCuKmfuRq9g=s48-c-k-c0x00ffffff-no-rj,http://www.youtube.com/@rafaelbragaolivera5204,UC3CT7OWXvzqwBzwY-kmaBLg,_100000000m,2023-07-30 16:06:26+00:00,2023-07-30T16:06:26Z,1,none,True,False,,0.2185560017824173,0.6118683218955994,0.1695756316184997,UC9Qu6o04oTf-b2acahQVk1g,1 days 23:00:21,169221.0
RnDW_BRuodk,UgwBcNdL7B3Txd-JY554AaABAg,@eriedlajesus1871,https://yt3.ggpht.com/ytc/AIdro_kjp00cD6CMD5BEiaCv6aSG1zlJ-2Yu4JOee7n-5Og0g_I1=s48-c-k-c0x00ffffff-no-rj,http://www.youtube.com/@eriedlajesus1871,UCPiboLIW8TldWAeyHzIOWjg,Davi.   10,2023-07-31 14:56:02+00:00,2023-07-31T14:56:02Z,0,none,True,False,,0.0721227154135704,0.8211925029754639,0.1066846847534179,UC9Qu6o04oTf-b2acahQVk1g,0 days 22:49:36,82176.0
RnDW_BRuodk,Ugy5L_afc-uFMh-b2mF4AaABAg.9rRk6OyVI-T9sxMpri_UbV,@meiredejesus7373,https://yt3.ggpht.com/ytc/AIdro_kAvXwKhF9W-758960a9XjLrXxvSdrZkX4XZl0vZ0CotMcCwuJe0HKveyMX8NMWQ9UFfw=s48-c-k-c0x00ffffff-no-rj,http://www.youtube.com/@meiredejesus7373,UC4vlKGbDCtDUJds_67kjauA,1000000000000,2023-08-03 12:18:31+00:00,2023-08-03T12:18:31Z,1,none,True,True,Ugy5L_afc-uFMh-b2mF4AaABAg,,,,UC9Qu6o04oTf-b2acahQVk1g,2 days 21:22:29,249749.0
RnDW_BRuodk,Ugz8ZoukNdv0Q4mlZtx4AaABAg,@MichelHenrique-d6b,https://yt3.ggpht.com/ytc/AIdro_lCcLaQxWcvI2EGO1Yx8JghVogwuIvweQtKO2WljVQO8Z9U-9WIqXep9b4I_4RwnbLfMQ=s48-c-k-c0x00ffffff-no-rj,http://www.youtube.com/@MichelHenrique-d6b,UC7bdMpXpG_fK0i8gt-VAttw,10,2023-08-05 01:33:35+00:00,2023-08-05T01:33:35Z,0,none,True,False,,0.1864420175552368,0.582202136516571,0.2313558608293533,UC9Qu6o04oTf-b2acahQVk1g,1 days 13:15:04,134104.0
RnDW_BRuodk,Ugw3keza6JabKFGBOZl4AaABAg,@kdkvgihvivuhcicdocdud,https://yt3.ggpht.com/yzDdNpq5l6vRn7IOLllo31Q0BT3AC-Il6OHjPXROQ6IvR4GDIM_wn81efdZ7YohHzXAwDEumfsE=s48-c-k-c0x00ffffff-no-rj,http://www.youtube.com/@kdkvgihvivuhcicdocdud,UCWBHCuAON3ioguNf4rn2iag,10000,2023-08-05 01:59:39+00:00,2023-08-05T01:59:39Z,1,none,True,False,,0.1301015764474868,0.6795271039009094,0.1903713196516037,UC9Qu6o04oTf-b2acahQVk1g,0 days 00:26:04,1564.0
RnDW_BRuodk,UgyRpX5wxOdNhAH_Z7N4AaABAg,@AndreinaLusvardi,https://yt3.ggpht.com/ytc/AIdro_n6ZBBa_3wssvZ-3uYejR-pYif7bZ3F-sJr33JSyktwwYCCLRkkFCHIjZW7Up1yAzVU4w=s48-c-k-c0x00ffffff-no-rj,http://www.youtube.com/@AndreinaLusvardi,UCj9Hp8uuIikJXr_byoDoXeg,10,2023-08-06 15:36:58+00:00,2023-08-06T15:36:58Z,0,none,True,False,,0.1864420175552368,0.582202136516571,0.2313558608293533,UC9Qu6o04oTf-b2acahQVk1g,1 days 13:37:19,135439.0
RnDW_BRuodk,UgxisDjjeeILirh7ku54AaABAg,@andersonfariasdesouza5893,https://yt3.ggpht.com/ytc/AIdro_nmtsXDHjV3vsi3WJxNLeR6_m62bNa4V324lnRtnFy0u-rpS5RDcRIx863T-hajBZ4JOA=s48-c-k-c0x00ffffff-no-rj,http://www.youtube.com/@andersonfariasdesouza5893,UCPrfik0s3X1THTn8kB1oGAw,realista,2023-08-06 23:22:18+00:00,2023-08-06T23:22:18Z,0,none,True,False,,0.2028437703847885,0.5822258591651917,0.2149303704500198,UC9Qu6o04oTf-b2acahQVk1g,0 days 07:45:20,27920.0
RnDW_BRuodk,Ugz2Bi1sXuA2JH7S4lJ4AaABAg,@andersonfariasdesouza5893,https://yt3.ggpht.com/ytc/AIdro_nmtsXDHjV3vsi3WJxNLeR6_m62bNa4V324lnRtnFy0u-rpS5RDcRIx863T-hajBZ4JOA=s48-c-k-c0x00ffffff-no-rj,http://www.youtube.com/@andersonfariasdesouza5893,UCPrfik0s3X1THTn8kB1oGAw,ilha,2023-08-06 23:42:10+00:00,2023-08-06T23:42:10Z,0,none,True,False,,0.19000905752182,0.6289138793945312,0.1810770332813263,UC9Qu6o04oTf-b2acahQVk1g,0 days 00:19:52,1192.0
RnDW_BRuodk,UgxvKt-5LaJCkhbbfR94AaABAg,@lui.miguel.santos,https://yt3.ggpht.com/Lsw9E9P2EuMEbvEzu9r-jbAxSSGTzYYSP1b6jJSCz-w86qYGtdHqy5JILcsh9IuPZP2JnthVAQ=s48-c-k-c0x00ffffff-no-rj,http://www.youtube.com/@lui.miguel.santos,UCFYNCSn-HcbE-uPVrbF4GSQ,REIALISA,2023-08-07 11:38:33+00:00,2023-08-07T11:38:33Z,0,none,True,False,,0.2143521904945373,0.6189298033714294,0.1667180061340332,UC9Qu6o04oTf-b2acahQVk1g,0 days 11:56:23,42983.0
RnDW_BRuodk,UgwSe88gsI6ssNiK8Il4AaABAg,@lui.miguel.santos,https://yt3.ggpht.com/Lsw9E9P2EuMEbvEzu9r-jbAxSSGTzYYSP1b6jJSCz-w86qYGtdHqy5JILcsh9IuPZP2JnthVAQ=s48-c-k-c0x00ffffff-no-rj,http://www.youtube.com/@lui.miguel.santos,UCFYNCSn-HcbE-uPVrbF4GSQ,REALISTA,2023-08-07 11:39:31+00:00,2023-08-07T11:39:31Z,0,none,True,False,,0.1638481765985489,0.6785949468612671,0.1575568914413452,UC9Qu6o04oTf-b2acahQVk1g,0 days 00:00:58,58.0
RnDW_BRuodk,Ugx7nN8L5z8B24pLFZp4AaABAg,@supra_276,https://yt3.ggpht.com/oxOPuMhnLGlxwuBzKeZIyz3_de_1SF4WqRsar7bPlUQaOdzKtT1XHbgpale0nRjyYym5Rmzm8A=s48-c-k-c0x00ffffff-no-rj,http://www.youtube.com/@supra_276,UCN_D8JxS018e0wgSNe7g2WA,100000000000‚Å∞‚Å∞000000000000000000‚Å∞000000000000000000‚Å∞0000‚àÖ000000‚àÖ00000000000,2023-08-09 16:24:16+00:00,2023-08-09T16:24:16Z,0,none,True,False,,0.2891216576099396,0.6224039793014526,0.0884743630886077,UC9Qu6o04oTf-b2acahQVk1g,2 days 04:44:45,189885.0
RnDW_BRuodk,UgwrEsOwCJLxvcSop_h4AaABAg,@alinedesiles8367,https://yt3.ggpht.com/ytc/AIdro_lO1bg78qyz0HR_ZIH8s5qeSfzYr9fVSd1DukOaqgMnQ42rwYpPYWufcdbL9Z9Zby0O7g=s48-c-k-c0x00ffffff-no-rj,http://www.youtube.com/@alinedesiles8367,UCSKFuaRDBjBiKkB08qKXQWw,Realista,2023-08-14 22:51:07+00:00,2023-08-14T22:51:07Z,1,none,True,False,,0.2020911574363708,0.5554282665252686,0.2424804717302322,UC9Qu6o04oTf-b2acahQVk1g,5 days 06:26:51,455211.0
RnDW_BRuodk,UgxRmPTr3EXBr1h1-LB4AaABAg,@alinedesiles8367,https://yt3.ggpht.com/ytc/AIdro_lO1bg78qyz0HR_ZIH8s5qeSfzYr9fVSd1DukOaqgMnQ42rwYpPYWufcdbL9Z9Zby0O7g=s48-c-k-c0x00ffffff-no-rj,http://www.youtube.com/@alinedesiles8367,UCSKFuaRDBjBiKkB08qKXQWw,Ficou bonito kass e krüòÅüòÅüòÅ,2023-08-14 22:52:43+00:00,2023-08-14T22:52:43Z,1,none,True,False,,0.0047161667607724,0.227265402674675,0.7680184245109558,UC9Qu6o04oTf-b2acahQVk1g,0 days 00:01:36,96.0
RnDW_BRuodk,UgyASb4-hRT2hYf7otd4AaABAg,@alinedesiles8367,https://yt3.ggpht.com/ytc/AIdro_lO1bg78qyz0HR_ZIH8s5qeSfzYr9fVSd1DukOaqgMnQ42rwYpPYWufcdbL9Z9Zby0O7g=s48-c-k-c0x00ffffff-no-rj,http://www.youtube.com/@alinedesiles8367,UCSKFuaRDBjBiKkB08qKXQWw,E nota 10 que eu esquesiüòÅ,2023-08-14 22:53:18+00:00,2023-08-14T22:53:18Z,0,none,True,False,,0.0127666676416993,0.5852661728858948,0.4019671678543091,UC9Qu6o04oTf-b2acahQVk1g,0 days 00:00:35,35.0
RnDW_BRuodk,UgwlnVONty2U2Ug6kBh4AaABAg,@keyllacamila2374,https://yt3.ggpht.com/jJctWca5_Pxf7BGQV2qzQqgQW-dEJNp2zcbU1QJNM1MKSzDxAGpR5d_IZG6FSiiPPZGYbKanJg=s48-c-k-c0x00ffffff-no-rj,http://www.youtube.com/@keyllacamila2374,UCdNYxc0-p0XfwBAVE-YaDdg,100000000000000000,2023-08-16 12:33:00+00:00,2023-08-16T12:33:00Z,0,none,True,False,,0.1981269270181656,0.6458907723426819,0.1559823155403137,UC9Qu6o04oTf-b2acahQVk1g,1 days 13:39:42,135582.0
RnDW_BRuodk,UgzWDnV8HKUiw1zllp14AaABAg,@smarquezini,https://yt3.ggpht.com/ytc/AIdro_m_1lD6PdshEFW_ObvGBd70HuhZSjeh_6qqXz8l_6A3X-n0=s48-c-k-c0x00ffffff-no-rj,http://www.youtube.com/@smarquezini,UCC8KVlXbgDh7ytBjPGjhmQw,Realista,2023-08-16 23:11:26+00:00,2023-08-16T23:11:25Z,0,none,True,False,,0.2020911574363708,0.5554282665252686,0.2424804717302322,UC9Qu6o04oTf-b2acahQVk1g,0 days 10:38:26,38306.0
RnDW_BRuodk,Ugw_4g10jjU8EQQFdsV4AaABAg,@ronneiazevedo2516,https://yt3.ggpht.com/JSxQbP4qMaUSabSoL3fJfz2RbVgaToST-99-Nfno-ZRgaikORRDHKmNXuA0X_y_UNmT9wUjifg=s48-c-k-c0x00ffffff-no-rj,http://www.youtube.com/@ronneiazevedo2516,UCZG94dY5yFYTjqlvC4YI01Q,10,2023-09-14 02:57:30+00:00,2023-09-14T02:57:30Z,0,none,True,False,,0.1864420175552368,0.582202136516571,0.2313558608293533,UC9Qu6o04oTf-b2acahQVk1g,28 days 03:46:04,2432764.0
RnDW_BRuodk,UgwXUigLkyTt2hSXkDB4AaABAg,@Zedyti,https://yt3.ggpht.com/jx1i4Yc6uGs6RgzWghdsl6U190JN6cCkfG2mYWwiOi6r8rhUi6JrJ8GWhgf_8zTL-EXE18il=s48-c-k-c0x00ffffff-no-rj,http://www.youtube.com/@Zedyti,UC5AAxbaXmavUZ6h3ENjD7OQ,Nota 10000000020098865400,2023-10-21 20:36:20+00:00,2023-10-21T20:36:20Z,0,none,True,False,,0.2493032217025756,0.6875019669532776,0.0631948560476303,UC9Qu6o04oTf-b2acahQVk1g,37 days 17:38:50,3260330.0
RnDW_BRuodk,UgxKIhJnYjfNFrglLvR4AaABAg,@deboramelo1882,https://yt3.ggpht.com/Xh_0qSOT3k2slJ0usG8u4xjn8oCRIeAc3YUHYw3TOLPl8hHKgTRKdq8kzTnI8Zti3mVfI1K7=s48-c-k-c0x00ffffff-no-rj,http://www.youtube.com/@deboramelo1882,UCKc0iWqUHib72X-9CesNtMw,10/10,2023-11-11 23:12:53+00:00,2023-11-11T23:12:53Z,0,none,True,False,,0.0237614661455154,0.3580507636070251,0.6181877851486206,UC9Qu6o04oTf-b2acahQVk1g,21 days 02:36:33,1823793.0
